image,classification
1001_01-06-2024_13-00-01.jpg,low
1001_01-06-2024_13-05-02.jpg,low
1001_01-06-2024_13-10-02.jpg,low
1001_01-06-2024_13-15-01.jpg,low
1001_01-06-2024_13-20-02.jpg,empty
1001_01-06-2024_13-25-02.jpg,low
1001_01-06-2024_13-30-01.jpg,medium
1001_01-06-2024_13-35-01.jpg,low
1001_01-06-2024_13-40-02.jpg,low
1001_01-06-2024_13-45-01.jpg,low
1001_01-06-2024_13-50-01.jpg,low
1001_01-06-2024_13-55-01.jpg,low
1001_01-06-2024_14-00-01.jpg,low
1001_01-06-2024_14-05-01.jpg,low
1001_01-06-2024_14-10-02.jpg,low
1001_01-06-2024_14-15-02.jpg,low
1001_01-06-2024_14-20-01.jpg,low
1001_01-06-2024_14-25-01.jpg,low
1001_01-06-2024_14-30-01.jpg,low
1001_01-06-2024_14-35-01.jpg,empty
1001_01-06-2024_14-40-01.jpg,low
1001_01-06-2024_14-45-02.jpg,empty
1001_01-06-2024_14-50-01.jpg,empty
1001_01-06-2024_14-55-01.jpg,low
1001_01-06-2024_15-00-02.jpg,low
1001_01-06-2024_19-00-02.jpg,low
1001_01-06-2024_19-05-01.jpg,low
1001_01-06-2024_19-10-02.jpg,low
1001_01-06-2024_19-15-01.jpg,low
1001_01-06-2024_19-20-01.jpg,low
1001_01-06-2024_19-25-01.jpg,low
1001_01-06-2024_19-30-01.jpg,low
1001_01-06-2024_19-35-01.jpg,medium
1001_01-06-2024_19-40-02.jpg,low
1001_01-06-2024_19-45-01.jpg,low
1001_01-06-2024_19-50-01.jpg,low
1001_01-06-2024_19-55-01.jpg,low
1001_01-06-2024_20-00-02.jpg,low
1001_01-06-2024_23-00-01.jpg,low
1001_01-06-2024_23-05-01.jpg,low
1001_01-06-2024_23-10-02.jpg,low
1001_01-06-2024_23-15-01.jpg,low
1001_01-06-2024_23-20-01.jpg,low
1001_01-06-2024_23-25-01.jpg,low
1001_01-06-2024_23-30-02.jpg,low
1001_01-06-2024_23-35-01.jpg,low
1001_01-06-2024_23-40-02.jpg,low
1001_01-06-2024_23-45-01.jpg,low
1001_01-06-2024_23-50-02.jpg,low
1001_01-06-2024_23-55-02.jpg,low
1111_01-06-2024_13-00-01.jpg,medium
1111_01-06-2024_13-05-02.jpg,medium
1111_01-06-2024_13-10-02.jpg,low
1111_01-06-2024_13-15-01.jpg,low
1111_01-06-2024_13-20-02.jpg,medium
1111_01-06-2024_13-25-02.jpg,low
1111_01-06-2024_13-30-01.jpg,medium
1111_01-06-2024_13-35-01.jpg,low
1111_01-06-2024_13-40-02.jpg,low
1111_01-06-2024_13-45-01.jpg,medium
1111_01-06-2024_13-50-01.jpg,low
1111_01-06-2024_13-55-01.jpg,low
1111_01-06-2024_14-00-01.jpg,medium
1111_01-06-2024_14-05-01.jpg,medium
1111_01-06-2024_14-10-02.jpg,low
1111_01-06-2024_14-15-02.jpg,low
1111_01-06-2024_14-20-01.jpg,low
1111_01-06-2024_14-25-01.jpg,low
1111_01-06-2024_14-30-01.jpg,medium
1111_01-06-2024_14-35-01.jpg,low
1111_01-06-2024_14-40-01.jpg,low
1111_01-06-2024_14-45-02.jpg,medium
1111_01-06-2024_14-50-01.jpg,low
1111_01-06-2024_14-55-01.jpg,medium
1111_01-06-2024_15-00-02.jpg,low
1111_01-06-2024_19-00-02.jpg,low
1111_01-06-2024_19-05-01.jpg,low
1111_01-06-2024_19-10-02.jpg,low
1111_01-06-2024_19-15-01.jpg,low
1111_01-06-2024_19-20-01.jpg,medium
1111_01-06-2024_19-25-01.jpg,low
1111_01-06-2024_19-30-01.jpg,medium
1111_01-06-2024_19-35-01.jpg,low
1111_01-06-2024_19-40-02.jpg,low
1111_01-06-2024_19-45-01.jpg,low
1111_01-06-2024_19-50-01.jpg,low
1111_01-06-2024_19-55-01.jpg,low
1111_01-06-2024_20-00-02.jpg,medium
1111_01-06-2024_23-00-01.jpg,low
1111_01-06-2024_23-05-01.jpg,low
1111_01-06-2024_23-10-02.jpg,low
1111_01-06-2024_23-15-01.jpg,low
1111_01-06-2024_23-20-01.jpg,low
1111_01-06-2024_23-25-01.jpg,low
1111_01-06-2024_23-30-02.jpg,low
1111_01-06-2024_23-35-01.jpg,low
1111_01-06-2024_23-40-02.jpg,low
1111_01-06-2024_23-45-01.jpg,low
1111_01-06-2024_23-50-02.jpg,medium
1111_01-06-2024_23-55-02.jpg,low
1112_01-06-2024_13-00-01.jpg,low
1112_01-06-2024_13-05-02.jpg,low
1112_01-06-2024_13-10-02.jpg,high
1112_01-06-2024_13-15-01.jpg,high
1112_01-06-2024_13-20-02.jpg,high
1112_01-06-2024_13-25-02.jpg,medium
1112_01-06-2024_13-30-01.jpg,low
1112_01-06-2024_13-35-01.jpg,medium
1112_01-06-2024_13-40-02.jpg,medium
1112_01-06-2024_13-45-01.jpg,low
1112_01-06-2024_13-50-01.jpg,high
1112_01-06-2024_13-55-01.jpg,medium
1112_01-06-2024_14-00-01.jpg,medium
1112_01-06-2024_14-05-01.jpg,high
1112_01-06-2024_14-10-02.jpg,high
1112_01-06-2024_14-15-02.jpg,medium
1112_01-06-2024_14-20-01.jpg,high
1112_01-06-2024_14-25-01.jpg,high
1112_01-06-2024_14-30-01.jpg,medium
1112_01-06-2024_14-35-01.jpg,low
1112_01-06-2024_14-40-01.jpg,medium
1112_01-06-2024_14-45-02.jpg,high
1112_01-06-2024_14-50-01.jpg,high
1112_01-06-2024_14-55-01.jpg,high
1112_01-06-2024_15-00-02.jpg,high
1112_01-06-2024_19-00-02.jpg,medium
1112_01-06-2024_19-05-01.jpg,high
1112_01-06-2024_19-10-02.jpg,high
1112_01-06-2024_19-15-01.jpg,high
1112_01-06-2024_19-20-01.jpg,high
1112_01-06-2024_19-25-01.jpg,medium
1112_01-06-2024_19-30-01.jpg,medium
1112_01-06-2024_19-35-01.jpg,high
1112_01-06-2024_19-40-02.jpg,high
1112_01-06-2024_19-45-01.jpg,high
1112_01-06-2024_19-50-01.jpg,high
1112_01-06-2024_19-55-01.jpg,high
1112_01-06-2024_20-00-02.jpg,high
1112_01-06-2024_23-00-01.jpg,low
1112_01-06-2024_23-05-01.jpg,medium
1112_01-06-2024_23-10-02.jpg,low
1112_01-06-2024_23-15-01.jpg,medium
1112_01-06-2024_23-20-01.jpg,medium
1112_01-06-2024_23-25-01.jpg,medium
1112_01-06-2024_23-30-02.jpg,medium
1112_01-06-2024_23-35-01.jpg,low
1112_01-06-2024_23-40-02.jpg,low
1112_01-06-2024_23-45-01.jpg,medium
1112_01-06-2024_23-50-02.jpg,low
1112_01-06-2024_23-55-02.jpg,medium
1113_01-06-2024_13-00-01.jpg,low
1113_01-06-2024_13-05-02.jpg,low
1113_01-06-2024_13-10-02.jpg,low
1113_01-06-2024_13-15-01.jpg,low
1113_01-06-2024_13-20-02.jpg,low
1113_01-06-2024_13-25-02.jpg,medium
1113_01-06-2024_13-30-01.jpg,low
1113_01-06-2024_13-35-01.jpg,low
1113_01-06-2024_13-40-02.jpg,empty
1113_01-06-2024_13-45-01.jpg,low
1113_01-06-2024_13-50-01.jpg,low
1113_01-06-2024_13-55-01.jpg,low
1113_01-06-2024_14-00-01.jpg,low
1113_01-06-2024_14-05-01.jpg,low
1113_01-06-2024_14-10-02.jpg,low
1113_01-06-2024_14-15-02.jpg,low
1113_01-06-2024_14-20-01.jpg,low
1113_01-06-2024_14-25-01.jpg,medium
1113_01-06-2024_14-30-01.jpg,low
1113_01-06-2024_14-35-01.jpg,medium
1113_01-06-2024_14-40-01.jpg,low
1113_01-06-2024_14-45-02.jpg,low
1113_01-06-2024_14-50-01.jpg,low
1113_01-06-2024_14-55-01.jpg,low
1113_01-06-2024_15-00-02.jpg,low
1113_01-06-2024_19-00-02.jpg,low
1113_01-06-2024_19-05-01.jpg,low
1113_01-06-2024_19-10-02.jpg,low
1113_01-06-2024_19-15-01.jpg,low
1113_01-06-2024_19-20-01.jpg,low
1113_01-06-2024_19-25-01.jpg,low
1113_01-06-2024_19-30-01.jpg,low
1113_01-06-2024_19-35-01.jpg,low
1113_01-06-2024_19-40-02.jpg,low
1113_01-06-2024_19-45-01.jpg,medium
1113_01-06-2024_19-50-01.jpg,low
1113_01-06-2024_19-55-01.jpg,low
1113_01-06-2024_20-00-02.jpg,low
1113_01-06-2024_23-00-01.jpg,low
1113_01-06-2024_23-05-01.jpg,low
1113_01-06-2024_23-10-02.jpg,low
1113_01-06-2024_23-15-01.jpg,low
1113_01-06-2024_23-20-01.jpg,low
1113_01-06-2024_23-25-01.jpg,low
1113_01-06-2024_23-30-02.jpg,empty
1113_01-06-2024_23-35-01.jpg,low
1113_01-06-2024_23-40-02.jpg,empty
1113_01-06-2024_23-45-01.jpg,empty
1113_01-06-2024_23-50-02.jpg,low
1113_01-06-2024_23-55-02.jpg,low
1701_01-06-2024_13-00-01.jpg,high
1701_01-06-2024_13-05-02.jpg,medium
1701_01-06-2024_13-10-02.jpg,medium
1701_01-06-2024_13-15-01.jpg,medium
1701_01-06-2024_13-20-02.jpg,medium
1701_01-06-2024_13-25-02.jpg,medium
1701_01-06-2024_13-30-01.jpg,medium
1701_01-06-2024_13-35-01.jpg,low
1701_01-06-2024_13-40-02.jpg,low
1701_01-06-2024_13-45-01.jpg,medium
1701_01-06-2024_13-50-01.jpg,medium
1701_01-06-2024_13-55-01.jpg,medium
1701_01-06-2024_14-00-01.jpg,medium
1701_01-06-2024_14-05-01.jpg,medium
1701_01-06-2024_14-10-02.jpg,medium
1701_01-06-2024_14-15-02.jpg,high
1701_01-06-2024_14-20-01.jpg,high
1701_01-06-2024_14-25-01.jpg,high
1701_01-06-2024_14-30-01.jpg,medium
1701_01-06-2024_14-35-01.jpg,high
1701_01-06-2024_14-40-01.jpg,high
1701_01-06-2024_14-45-02.jpg,high
1701_01-06-2024_14-50-01.jpg,high
1701_01-06-2024_14-55-01.jpg,medium
1701_01-06-2024_15-00-02.jpg,medium
1701_01-06-2024_19-00-02.jpg,medium
1701_01-06-2024_19-05-01.jpg,medium
1701_01-06-2024_19-10-02.jpg,low
1701_01-06-2024_19-15-01.jpg,medium
1701_01-06-2024_19-20-01.jpg,low
1701_01-06-2024_19-25-01.jpg,medium
1701_01-06-2024_19-30-01.jpg,medium
1701_01-06-2024_19-35-01.jpg,medium
1701_01-06-2024_19-40-02.jpg,low
1701_01-06-2024_19-45-01.jpg,low
1701_01-06-2024_19-50-01.jpg,medium
1701_01-06-2024_19-55-01.jpg,low
1701_01-06-2024_20-00-02.jpg,medium
1701_01-06-2024_23-00-01.jpg,low
1701_01-06-2024_23-05-01.jpg,medium
1701_01-06-2024_23-10-02.jpg,low
1701_01-06-2024_23-15-01.jpg,medium
1701_01-06-2024_23-20-01.jpg,low
1701_01-06-2024_23-25-01.jpg,low
1701_01-06-2024_23-30-02.jpg,medium
1701_01-06-2024_23-35-01.jpg,low
1701_01-06-2024_23-40-02.jpg,low
1701_01-06-2024_23-45-01.jpg,low
1701_01-06-2024_23-50-02.jpg,low
1701_01-06-2024_23-55-02.jpg,low
1702_01-06-2024_13-00-01.jpg,medium
1702_01-06-2024_13-05-02.jpg,medium
1702_01-06-2024_13-10-02.jpg,medium
1702_01-06-2024_13-15-01.jpg,medium
1702_01-06-2024_13-20-02.jpg,medium
1702_01-06-2024_13-25-02.jpg,medium
1702_01-06-2024_13-30-01.jpg,medium
1702_01-06-2024_13-35-01.jpg,medium
1702_01-06-2024_13-40-02.jpg,medium
1702_01-06-2024_13-45-01.jpg,medium
1702_01-06-2024_13-50-01.jpg,medium
1702_01-06-2024_13-55-01.jpg,low
1702_01-06-2024_14-00-01.jpg,medium
1702_01-06-2024_14-05-01.jpg,low
1702_01-06-2024_14-10-02.jpg,low
1702_01-06-2024_14-15-02.jpg,medium
1702_01-06-2024_14-20-01.jpg,medium
1702_01-06-2024_14-25-01.jpg,low
1702_01-06-2024_14-30-01.jpg,low
1702_01-06-2024_14-35-01.jpg,medium
1702_01-06-2024_14-40-01.jpg,medium
1702_01-06-2024_14-45-02.jpg,low
1702_01-06-2024_14-50-01.jpg,medium
1702_01-06-2024_14-55-01.jpg,low
1702_01-06-2024_15-00-02.jpg,low
1702_01-06-2024_19-00-02.jpg,low
1702_01-06-2024_19-05-01.jpg,low
1702_01-06-2024_19-10-02.jpg,low
1702_01-06-2024_19-15-01.jpg,medium
1702_01-06-2024_19-20-01.jpg,medium
1702_01-06-2024_19-25-01.jpg,medium
1702_01-06-2024_19-30-01.jpg,low
1702_01-06-2024_19-35-01.jpg,medium
1702_01-06-2024_19-40-02.jpg,medium
1702_01-06-2024_19-45-01.jpg,medium
1702_01-06-2024_19-50-01.jpg,low
1702_01-06-2024_19-55-01.jpg,medium
1702_01-06-2024_20-00-02.jpg,low
1702_01-06-2024_23-00-01.jpg,low
1702_01-06-2024_23-05-01.jpg,medium
1702_01-06-2024_23-10-02.jpg,medium
1702_01-06-2024_23-15-01.jpg,low
1702_01-06-2024_23-20-01.jpg,low
1702_01-06-2024_23-25-01.jpg,low
1702_01-06-2024_23-30-02.jpg,medium
1702_01-06-2024_23-35-01.jpg,medium
1702_01-06-2024_23-40-02.jpg,medium
1702_01-06-2024_23-45-01.jpg,low
1702_01-06-2024_23-50-02.jpg,low
1702_01-06-2024_23-55-02.jpg,low
1703_01-06-2024_13-00-01.jpg,high
1703_01-06-2024_13-05-02.jpg,medium
1703_01-06-2024_13-10-02.jpg,low
1703_01-06-2024_13-15-01.jpg,medium
1703_01-06-2024_13-20-02.jpg,medium
1703_01-06-2024_13-25-02.jpg,low
1703_01-06-2024_13-30-01.jpg,medium
1703_01-06-2024_13-35-01.jpg,low
1703_01-06-2024_13-40-02.jpg,medium
1703_01-06-2024_13-45-01.jpg,medium
1703_01-06-2024_13-50-01.jpg,medium
1703_01-06-2024_13-55-01.jpg,medium
1703_01-06-2024_14-00-01.jpg,medium
1703_01-06-2024_14-05-01.jpg,medium
1703_01-06-2024_14-10-02.jpg,medium
1703_01-06-2024_14-15-02.jpg,medium
1703_01-06-2024_14-20-01.jpg,medium
1703_01-06-2024_14-25-01.jpg,low
1703_01-06-2024_14-30-01.jpg,medium
1703_01-06-2024_14-35-01.jpg,low
1703_01-06-2024_14-40-01.jpg,medium
1703_01-06-2024_14-45-02.jpg,medium
1703_01-06-2024_14-50-01.jpg,medium
1703_01-06-2024_14-55-01.jpg,medium
1703_01-06-2024_15-00-02.jpg,low
1703_01-06-2024_19-00-02.jpg,high
1703_01-06-2024_19-05-01.jpg,high
1703_01-06-2024_19-10-02.jpg,high
1703_01-06-2024_19-15-01.jpg,high
1703_01-06-2024_19-20-01.jpg,medium
1703_01-06-2024_19-25-01.jpg,medium
1703_01-06-2024_19-30-01.jpg,medium
1703_01-06-2024_19-35-01.jpg,medium
1703_01-06-2024_19-40-02.jpg,high
1703_01-06-2024_19-45-01.jpg,medium
1703_01-06-2024_19-50-01.jpg,medium
1703_01-06-2024_19-55-01.jpg,medium
1703_01-06-2024_20-00-02.jpg,medium
1703_01-06-2024_23-00-01.jpg,medium
1703_01-06-2024_23-05-01.jpg,medium
1703_01-06-2024_23-10-02.jpg,medium
1703_01-06-2024_23-15-01.jpg,medium
1703_01-06-2024_23-20-01.jpg,medium
1703_01-06-2024_23-25-01.jpg,low
1703_01-06-2024_23-30-02.jpg,low
1703_01-06-2024_23-35-01.jpg,low
1703_01-06-2024_23-40-02.jpg,medium
1703_01-06-2024_23-45-01.jpg,low
1703_01-06-2024_23-50-02.jpg,low
1703_01-06-2024_23-55-02.jpg,low
1704_01-06-2024_13-00-01.jpg,low
1704_01-06-2024_13-05-02.jpg,low
1704_01-06-2024_13-10-02.jpg,low
1704_01-06-2024_13-15-01.jpg,low
1704_01-06-2024_13-20-02.jpg,low
1704_01-06-2024_13-25-02.jpg,medium
1704_01-06-2024_13-30-01.jpg,medium
1704_01-06-2024_13-35-01.jpg,medium
1704_01-06-2024_13-40-02.jpg,low
1704_01-06-2024_13-45-01.jpg,low
1704_01-06-2024_13-50-01.jpg,medium
1704_01-06-2024_13-55-01.jpg,low
1704_01-06-2024_14-00-01.jpg,low
1704_01-06-2024_14-05-01.jpg,low
1704_01-06-2024_14-10-02.jpg,low
1704_01-06-2024_14-15-02.jpg,low
1704_01-06-2024_14-20-01.jpg,medium
1704_01-06-2024_14-25-01.jpg,medium
1704_01-06-2024_14-30-01.jpg,medium
1704_01-06-2024_14-35-01.jpg,low
1704_01-06-2024_14-40-01.jpg,low
1704_01-06-2024_14-45-02.jpg,low
1704_01-06-2024_14-50-01.jpg,low
1704_01-06-2024_14-55-01.jpg,low
1704_01-06-2024_15-00-02.jpg,low
1704_01-06-2024_19-00-02.jpg,low
1704_01-06-2024_19-05-01.jpg,medium
1704_01-06-2024_19-10-02.jpg,low
1704_01-06-2024_19-15-01.jpg,low
1704_01-06-2024_19-20-01.jpg,low
1704_01-06-2024_19-25-01.jpg,low
1704_01-06-2024_19-30-01.jpg,low
1704_01-06-2024_19-35-01.jpg,medium
1704_01-06-2024_19-40-02.jpg,low
1704_01-06-2024_19-45-01.jpg,low
1704_01-06-2024_19-50-01.jpg,low
1704_01-06-2024_19-55-01.jpg,low
1704_01-06-2024_20-00-02.jpg,low
1704_01-06-2024_23-00-01.jpg,medium
1704_01-06-2024_23-05-01.jpg,low
1704_01-06-2024_23-10-02.jpg,low
1704_01-06-2024_23-15-01.jpg,low
1704_01-06-2024_23-20-01.jpg,low
1704_01-06-2024_23-25-01.jpg,low
1704_01-06-2024_23-30-02.jpg,medium
1704_01-06-2024_23-35-01.jpg,low
1704_01-06-2024_23-40-02.jpg,low
1704_01-06-2024_23-45-01.jpg,low
1704_01-06-2024_23-50-02.jpg,low
1704_01-06-2024_23-55-02.jpg,low
1705_01-06-2024_13-00-01.jpg,low
1705_01-06-2024_13-05-02.jpg,low
1705_01-06-2024_13-10-02.jpg,medium
1705_01-06-2024_13-15-01.jpg,medium
1705_01-06-2024_13-20-02.jpg,low
1705_01-06-2024_13-25-02.jpg,low
1705_01-06-2024_13-30-01.jpg,medium
1705_01-06-2024_13-35-01.jpg,low
1705_01-06-2024_13-40-02.jpg,low
1705_01-06-2024_13-45-01.jpg,medium
1705_01-06-2024_13-50-01.jpg,medium
1705_01-06-2024_13-55-01.jpg,medium
1705_01-06-2024_14-00-01.jpg,medium
1705_01-06-2024_14-05-01.jpg,medium
1705_01-06-2024_14-10-02.jpg,medium
1705_01-06-2024_14-15-02.jpg,low
1705_01-06-2024_14-20-01.jpg,medium
1705_01-06-2024_14-25-01.jpg,medium
1705_01-06-2024_14-30-01.jpg,low
1705_01-06-2024_14-35-01.jpg,medium
1705_01-06-2024_14-40-01.jpg,low
1705_01-06-2024_14-45-02.jpg,medium
1705_01-06-2024_14-50-01.jpg,medium
1705_01-06-2024_14-55-01.jpg,medium
1705_01-06-2024_15-00-02.jpg,medium
1705_01-06-2024_19-00-02.jpg,medium
1705_01-06-2024_19-05-01.jpg,low
1705_01-06-2024_19-10-02.jpg,low
1705_01-06-2024_19-15-01.jpg,low
1705_01-06-2024_19-20-01.jpg,low
1705_01-06-2024_19-25-01.jpg,medium
1705_01-06-2024_19-30-01.jpg,low
1705_01-06-2024_19-35-01.jpg,medium
1705_01-06-2024_19-40-02.jpg,medium
1705_01-06-2024_19-45-01.jpg,low
1705_01-06-2024_19-50-01.jpg,medium
1705_01-06-2024_19-55-01.jpg,medium
1705_01-06-2024_20-00-02.jpg,low
1705_01-06-2024_23-00-01.jpg,low
1705_01-06-2024_23-05-01.jpg,low
1705_01-06-2024_23-10-02.jpg,low
1705_01-06-2024_23-15-01.jpg,low
1705_01-06-2024_23-20-01.jpg,low
1705_01-06-2024_23-25-01.jpg,low
1705_01-06-2024_23-30-02.jpg,low
1705_01-06-2024_23-35-01.jpg,low
1705_01-06-2024_23-40-02.jpg,low
1705_01-06-2024_23-45-01.jpg,low
1705_01-06-2024_23-50-02.jpg,low
1705_01-06-2024_23-55-02.jpg,low
1706_01-06-2024_13-00-01.jpg,low
1706_01-06-2024_13-05-02.jpg,medium
1706_01-06-2024_13-10-02.jpg,low
1706_01-06-2024_13-15-01.jpg,low
1706_01-06-2024_13-20-02.jpg,low
1706_01-06-2024_13-25-02.jpg,medium
1706_01-06-2024_13-30-01.jpg,low
1706_01-06-2024_13-35-01.jpg,medium
1706_01-06-2024_13-40-02.jpg,low
1706_01-06-2024_13-45-01.jpg,low
1706_01-06-2024_13-50-01.jpg,medium
1706_01-06-2024_13-55-01.jpg,low
1706_01-06-2024_14-00-01.jpg,low
1706_01-06-2024_14-05-01.jpg,low
1706_01-06-2024_14-10-02.jpg,low
1706_01-06-2024_14-15-02.jpg,medium
1706_01-06-2024_14-20-01.jpg,medium
1706_01-06-2024_14-25-01.jpg,medium
1706_01-06-2024_14-30-01.jpg,low
1706_01-06-2024_14-35-01.jpg,medium
1706_01-06-2024_14-40-01.jpg,medium
1706_01-06-2024_14-45-02.jpg,low
1706_01-06-2024_14-50-01.jpg,low
1706_01-06-2024_14-55-01.jpg,low
1706_01-06-2024_15-00-02.jpg,low
1706_01-06-2024_19-00-02.jpg,low
1706_01-06-2024_19-05-01.jpg,low
1706_01-06-2024_19-10-02.jpg,low
1706_01-06-2024_19-15-01.jpg,medium
1706_01-06-2024_19-20-01.jpg,low
1706_01-06-2024_19-25-01.jpg,low
1706_01-06-2024_19-30-01.jpg,medium
1706_01-06-2024_19-35-01.jpg,low
1706_01-06-2024_19-40-02.jpg,low
1706_01-06-2024_19-45-01.jpg,low
1706_01-06-2024_19-50-01.jpg,low
1706_01-06-2024_19-55-01.jpg,medium
1706_01-06-2024_20-00-02.jpg,low
1706_01-06-2024_23-00-01.jpg,medium
1706_01-06-2024_23-05-01.jpg,low
1706_01-06-2024_23-10-02.jpg,low
1706_01-06-2024_23-15-01.jpg,low
1706_01-06-2024_23-20-01.jpg,low
1706_01-06-2024_23-25-01.jpg,low
1706_01-06-2024_23-30-02.jpg,low
1706_01-06-2024_23-35-01.jpg,low
1706_01-06-2024_23-40-02.jpg,low
1706_01-06-2024_23-45-01.jpg,medium
1706_01-06-2024_23-50-02.jpg,low
1706_01-06-2024_23-55-02.jpg,low
1707_01-06-2024_13-00-01.jpg,low
1707_01-06-2024_13-05-02.jpg,low
1707_01-06-2024_13-10-02.jpg,low
1707_01-06-2024_13-15-01.jpg,low
1707_01-06-2024_13-20-02.jpg,medium
1707_01-06-2024_13-25-02.jpg,low
1707_01-06-2024_13-30-01.jpg,low
1707_01-06-2024_13-35-01.jpg,low
1707_01-06-2024_13-40-02.jpg,low
1707_01-06-2024_13-45-01.jpg,low
1707_01-06-2024_13-50-01.jpg,low
1707_01-06-2024_13-55-01.jpg,low
1707_01-06-2024_14-00-01.jpg,low
1707_01-06-2024_14-05-01.jpg,low
1707_01-06-2024_14-10-02.jpg,low
1707_01-06-2024_14-15-02.jpg,low
1707_01-06-2024_14-20-01.jpg,low
1707_01-06-2024_14-25-01.jpg,low
1707_01-06-2024_14-30-01.jpg,low
1707_01-06-2024_14-35-01.jpg,low
1707_01-06-2024_14-40-01.jpg,low
1707_01-06-2024_14-45-02.jpg,low
1707_01-06-2024_14-50-01.jpg,low
1707_01-06-2024_14-55-01.jpg,low
1707_01-06-2024_15-00-02.jpg,low
1707_01-06-2024_19-00-02.jpg,low
1707_01-06-2024_19-05-01.jpg,low
1707_01-06-2024_19-10-02.jpg,low
1707_01-06-2024_19-15-01.jpg,low
1707_01-06-2024_19-20-01.jpg,low
1707_01-06-2024_19-25-01.jpg,low
1707_01-06-2024_19-30-01.jpg,medium
1707_01-06-2024_19-35-01.jpg,low
1707_01-06-2024_19-40-02.jpg,low
1707_01-06-2024_19-45-01.jpg,low
1707_01-06-2024_19-50-01.jpg,low
1707_01-06-2024_19-55-01.jpg,low
1707_01-06-2024_20-00-02.jpg,low
1707_01-06-2024_23-00-01.jpg,low
1707_01-06-2024_23-05-01.jpg,low
1707_01-06-2024_23-10-02.jpg,low
1707_01-06-2024_23-15-01.jpg,low
1707_01-06-2024_23-20-01.jpg,low
1707_01-06-2024_23-25-01.jpg,low
1707_01-06-2024_23-30-02.jpg,empty
1707_01-06-2024_23-35-01.jpg,low
1707_01-06-2024_23-40-02.jpg,low
1707_01-06-2024_23-45-01.jpg,low
1707_01-06-2024_23-50-02.jpg,low
1707_01-06-2024_23-55-02.jpg,empty
1709_01-06-2024_13-00-01.jpg,high
1709_01-06-2024_13-05-02.jpg,high
1709_01-06-2024_13-10-02.jpg,high
1709_01-06-2024_13-15-01.jpg,medium
1709_01-06-2024_13-20-02.jpg,low
1709_01-06-2024_13-25-02.jpg,low
1709_01-06-2024_13-30-01.jpg,low
1709_01-06-2024_13-35-01.jpg,medium
1709_01-06-2024_13-40-02.jpg,low
1709_01-06-2024_13-45-01.jpg,medium
1709_01-06-2024_13-50-01.jpg,medium
1709_01-06-2024_13-55-01.jpg,medium
1709_01-06-2024_14-00-01.jpg,low
1709_01-06-2024_14-05-01.jpg,medium
1709_01-06-2024_14-10-02.jpg,medium
1709_01-06-2024_14-15-02.jpg,low
1709_01-06-2024_14-20-01.jpg,low
1709_01-06-2024_14-25-01.jpg,medium
1709_01-06-2024_14-30-01.jpg,low
1709_01-06-2024_14-35-01.jpg,medium
1709_01-06-2024_14-40-01.jpg,medium
1709_01-06-2024_14-45-02.jpg,low
1709_01-06-2024_14-50-01.jpg,low
1709_01-06-2024_14-55-01.jpg,medium
1709_01-06-2024_15-00-02.jpg,medium
1709_01-06-2024_19-00-02.jpg,medium
1709_01-06-2024_19-05-01.jpg,medium
1709_01-06-2024_19-10-02.jpg,medium
1709_01-06-2024_19-15-01.jpg,medium
1709_01-06-2024_19-20-01.jpg,medium
1709_01-06-2024_19-25-01.jpg,low
1709_01-06-2024_19-30-01.jpg,medium
1709_01-06-2024_19-35-01.jpg,low
1709_01-06-2024_19-40-02.jpg,low
1709_01-06-2024_19-45-01.jpg,medium
1709_01-06-2024_19-50-01.jpg,low
1709_01-06-2024_19-55-01.jpg,medium
1709_01-06-2024_20-00-02.jpg,low
1709_01-06-2024_23-00-01.jpg,low
1709_01-06-2024_23-05-01.jpg,low
1709_01-06-2024_23-10-02.jpg,low
1709_01-06-2024_23-15-01.jpg,low
1709_01-06-2024_23-20-01.jpg,low
1709_01-06-2024_23-25-01.jpg,low
1709_01-06-2024_23-30-02.jpg,low
1709_01-06-2024_23-35-01.jpg,low
1709_01-06-2024_23-40-02.jpg,low
1709_01-06-2024_23-45-01.jpg,low
1709_01-06-2024_23-50-02.jpg,low
1709_01-06-2024_23-55-02.jpg,low
1711_01-06-2024_13-00-01.jpg,medium
1711_01-06-2024_13-05-02.jpg,medium
1711_01-06-2024_13-10-02.jpg,medium
1711_01-06-2024_13-15-01.jpg,medium
1711_01-06-2024_13-20-02.jpg,high
1711_01-06-2024_13-25-02.jpg,medium
1711_01-06-2024_13-30-01.jpg,medium
1711_01-06-2024_13-35-01.jpg,medium
1711_01-06-2024_13-40-02.jpg,medium
1711_01-06-2024_13-45-01.jpg,medium
1711_01-06-2024_13-50-01.jpg,medium
1711_01-06-2024_13-55-01.jpg,high
1711_01-06-2024_14-00-01.jpg,high
1711_01-06-2024_14-05-01.jpg,high
1711_01-06-2024_14-10-02.jpg,high
1711_01-06-2024_14-15-02.jpg,high
1711_01-06-2024_14-20-01.jpg,high
1711_01-06-2024_14-25-01.jpg,high
1711_01-06-2024_14-30-01.jpg,high
1711_01-06-2024_14-35-01.jpg,high
1711_01-06-2024_14-40-01.jpg,high
1711_01-06-2024_14-45-02.jpg,high
1711_01-06-2024_14-50-01.jpg,high
1711_01-06-2024_14-55-01.jpg,medium
1711_01-06-2024_15-00-02.jpg,medium
1711_01-06-2024_19-00-02.jpg,medium
1711_01-06-2024_19-05-01.jpg,medium
1711_01-06-2024_19-10-02.jpg,medium
1711_01-06-2024_19-15-01.jpg,medium
1711_01-06-2024_19-20-01.jpg,medium
1711_01-06-2024_19-25-01.jpg,medium
1711_01-06-2024_19-30-01.jpg,low
1711_01-06-2024_19-35-01.jpg,low
1711_01-06-2024_19-40-02.jpg,low
1711_01-06-2024_19-45-01.jpg,medium
1711_01-06-2024_19-50-01.jpg,medium
1711_01-06-2024_19-55-01.jpg,low
1711_01-06-2024_20-00-02.jpg,medium
1711_01-06-2024_23-00-01.jpg,low
1711_01-06-2024_23-05-01.jpg,low
1711_01-06-2024_23-10-02.jpg,low
1711_01-06-2024_23-15-01.jpg,low
1711_01-06-2024_23-20-01.jpg,low
1711_01-06-2024_23-25-01.jpg,low
1711_01-06-2024_23-30-02.jpg,low
1711_01-06-2024_23-35-01.jpg,low
1711_01-06-2024_23-40-02.jpg,low
1711_01-06-2024_23-45-01.jpg,low
1711_01-06-2024_23-50-02.jpg,low
1711_01-06-2024_23-55-02.jpg,low
2701_01-06-2024_13-00-01.jpg,high
2701_01-06-2024_13-05-02.jpg,high
2701_01-06-2024_13-10-02.jpg,high
2701_01-06-2024_13-15-01.jpg,high
2701_01-06-2024_13-20-02.jpg,high
2701_01-06-2024_13-25-02.jpg,high
2701_01-06-2024_13-30-01.jpg,high
2701_01-06-2024_13-35-01.jpg,high
2701_01-06-2024_13-40-02.jpg,high
2701_01-06-2024_13-45-01.jpg,high
2701_01-06-2024_13-50-01.jpg,high
2701_01-06-2024_13-55-01.jpg,high
2701_01-06-2024_14-00-01.jpg,high
2701_01-06-2024_14-05-01.jpg,high
2701_01-06-2024_14-10-02.jpg,high
2701_01-06-2024_14-15-02.jpg,high
2701_01-06-2024_14-20-01.jpg,high
2701_01-06-2024_14-25-01.jpg,high
2701_01-06-2024_14-30-01.jpg,high
2701_01-06-2024_14-35-01.jpg,high
2701_01-06-2024_14-40-01.jpg,medium
2701_01-06-2024_14-45-02.jpg,low
2701_01-06-2024_14-50-01.jpg,low
2701_01-06-2024_14-55-01.jpg,low
2701_01-06-2024_15-00-02.jpg,low
2701_01-06-2024_19-00-02.jpg,high
2701_01-06-2024_19-05-01.jpg,high
2701_01-06-2024_19-10-02.jpg,high
2701_01-06-2024_19-15-01.jpg,high
2701_01-06-2024_19-20-01.jpg,high
2701_01-06-2024_19-25-01.jpg,high
2701_01-06-2024_19-30-01.jpg,high
2701_01-06-2024_19-35-01.jpg,high
2701_01-06-2024_19-40-02.jpg,high
2701_01-06-2024_19-45-01.jpg,high
2701_01-06-2024_19-50-01.jpg,high
2701_01-06-2024_19-55-01.jpg,high
2701_01-06-2024_20-00-02.jpg,high
2701_01-06-2024_23-00-01.jpg,low
2701_01-06-2024_23-05-01.jpg,low
2701_01-06-2024_23-10-02.jpg,low
2701_01-06-2024_23-15-01.jpg,low
2701_01-06-2024_23-20-01.jpg,low
2701_01-06-2024_23-25-01.jpg,low
2701_01-06-2024_23-30-02.jpg,low
2701_01-06-2024_23-35-01.jpg,medium
2701_01-06-2024_23-40-02.jpg,low
2701_01-06-2024_23-45-01.jpg,low
2701_01-06-2024_23-50-02.jpg,low
2701_01-06-2024_23-55-02.jpg,low
2702_01-06-2024_13-00-01.jpg,high
2702_01-06-2024_13-05-02.jpg,high
2702_01-06-2024_13-10-02.jpg,high
2702_01-06-2024_13-15-01.jpg,high
2702_01-06-2024_13-20-02.jpg,high
2702_01-06-2024_13-25-02.jpg,high
2702_01-06-2024_13-30-01.jpg,high
2702_01-06-2024_13-35-01.jpg,high
2702_01-06-2024_13-40-02.jpg,high
2702_01-06-2024_13-45-01.jpg,high
2702_01-06-2024_13-50-01.jpg,high
2702_01-06-2024_13-55-01.jpg,high
2702_01-06-2024_14-00-01.jpg,high
2702_01-06-2024_14-05-01.jpg,high
2702_01-06-2024_14-10-02.jpg,high
2702_01-06-2024_14-15-02.jpg,high
2702_01-06-2024_14-20-01.jpg,high
2702_01-06-2024_14-25-01.jpg,high
2702_01-06-2024_14-30-01.jpg,high
2702_01-06-2024_14-35-01.jpg,high
2702_01-06-2024_14-40-01.jpg,high
2702_01-06-2024_14-45-02.jpg,high
2702_01-06-2024_14-50-01.jpg,high
2702_01-06-2024_14-55-01.jpg,high
2702_01-06-2024_15-00-02.jpg,high
2702_01-06-2024_19-00-02.jpg,high
2702_01-06-2024_19-05-01.jpg,high
2702_01-06-2024_19-10-02.jpg,high
2702_01-06-2024_19-15-01.jpg,high
2702_01-06-2024_19-20-01.jpg,high
2702_01-06-2024_19-25-01.jpg,high
2702_01-06-2024_19-30-01.jpg,high
2702_01-06-2024_19-35-01.jpg,high
2702_01-06-2024_19-40-02.jpg,high
2702_01-06-2024_19-45-01.jpg,high
2702_01-06-2024_19-50-01.jpg,high
2702_01-06-2024_19-55-01.jpg,high
2702_01-06-2024_20-00-02.jpg,high
2702_01-06-2024_23-00-01.jpg,high
2702_01-06-2024_23-05-01.jpg,high
2702_01-06-2024_23-10-02.jpg,high
2702_01-06-2024_23-15-01.jpg,high
2702_01-06-2024_23-20-01.jpg,high
2702_01-06-2024_23-25-01.jpg,high
2702_01-06-2024_23-30-02.jpg,high
2702_01-06-2024_23-35-01.jpg,high
2702_01-06-2024_23-40-02.jpg,high
2702_01-06-2024_23-45-01.jpg,high
2702_01-06-2024_23-50-02.jpg,high
2702_01-06-2024_23-55-02.jpg,high
3702_01-06-2024_13-00-01.jpg,low
3702_01-06-2024_13-05-02.jpg,low
3702_01-06-2024_13-10-02.jpg,low
3702_01-06-2024_13-15-01.jpg,low
3702_01-06-2024_13-20-02.jpg,low
3702_01-06-2024_13-25-02.jpg,low
3702_01-06-2024_13-30-01.jpg,low
3702_01-06-2024_13-35-01.jpg,low
3702_01-06-2024_13-40-02.jpg,low
3702_01-06-2024_13-45-01.jpg,low
3702_01-06-2024_13-50-01.jpg,low
3702_01-06-2024_13-55-01.jpg,low
3702_01-06-2024_14-00-01.jpg,low
3702_01-06-2024_14-05-01.jpg,low
3702_01-06-2024_14-10-02.jpg,low
3702_01-06-2024_14-15-02.jpg,low
3702_01-06-2024_14-20-01.jpg,low
3702_01-06-2024_14-25-01.jpg,low
3702_01-06-2024_14-30-01.jpg,low
3702_01-06-2024_14-35-01.jpg,low
3702_01-06-2024_14-40-01.jpg,low
3702_01-06-2024_14-45-02.jpg,low
3702_01-06-2024_14-50-01.jpg,low
3702_01-06-2024_14-55-01.jpg,low
3702_01-06-2024_15-00-02.jpg,low
3702_01-06-2024_19-00-02.jpg,low
3702_01-06-2024_19-05-01.jpg,low
3702_01-06-2024_19-10-02.jpg,low
3702_01-06-2024_19-15-01.jpg,low
3702_01-06-2024_19-20-01.jpg,low
3702_01-06-2024_19-25-01.jpg,low
3702_01-06-2024_19-30-01.jpg,low
3702_01-06-2024_19-35-01.jpg,low
3702_01-06-2024_19-40-02.jpg,low
3702_01-06-2024_19-45-01.jpg,low
3702_01-06-2024_19-50-01.jpg,low
3702_01-06-2024_19-55-01.jpg,low
3702_01-06-2024_20-00-02.jpg,low
3702_01-06-2024_23-00-01.jpg,low
3702_01-06-2024_23-05-01.jpg,low
3702_01-06-2024_23-10-02.jpg,low
3702_01-06-2024_23-15-01.jpg,low
3702_01-06-2024_23-20-01.jpg,low
3702_01-06-2024_23-25-01.jpg,medium
3702_01-06-2024_23-30-02.jpg,low
3702_01-06-2024_23-35-01.jpg,low
3702_01-06-2024_23-40-02.jpg,low
3702_01-06-2024_23-45-01.jpg,low
3702_01-06-2024_23-50-02.jpg,low
3702_01-06-2024_23-55-02.jpg,low
3705_01-06-2024_13-00-01.jpg,low
3705_01-06-2024_13-05-02.jpg,low
3705_01-06-2024_13-10-02.jpg,low
3705_01-06-2024_13-15-01.jpg,low
3705_01-06-2024_13-20-02.jpg,low
3705_01-06-2024_13-25-02.jpg,low
3705_01-06-2024_13-30-01.jpg,low
3705_01-06-2024_13-35-01.jpg,low
3705_01-06-2024_13-40-02.jpg,low
3705_01-06-2024_13-45-01.jpg,low
3705_01-06-2024_13-50-01.jpg,low
3705_01-06-2024_13-55-01.jpg,low
3705_01-06-2024_14-00-01.jpg,low
3705_01-06-2024_14-05-01.jpg,low
3705_01-06-2024_14-10-02.jpg,low
3705_01-06-2024_14-15-02.jpg,low
3705_01-06-2024_14-20-01.jpg,low
3705_01-06-2024_14-25-01.jpg,low
3705_01-06-2024_14-30-01.jpg,low
3705_01-06-2024_14-35-01.jpg,low
3705_01-06-2024_14-40-01.jpg,low
3705_01-06-2024_14-45-02.jpg,low
3705_01-06-2024_14-50-01.jpg,low
3705_01-06-2024_14-55-01.jpg,low
3705_01-06-2024_15-00-02.jpg,low
3705_01-06-2024_19-00-02.jpg,low
3705_01-06-2024_19-05-01.jpg,low
3705_01-06-2024_19-10-02.jpg,low
3705_01-06-2024_19-15-01.jpg,low
3705_01-06-2024_19-20-01.jpg,low
3705_01-06-2024_19-25-01.jpg,low
3705_01-06-2024_19-30-01.jpg,low
3705_01-06-2024_19-35-01.jpg,low
3705_01-06-2024_19-40-02.jpg,low
3705_01-06-2024_19-45-01.jpg,low
3705_01-06-2024_19-50-01.jpg,low
3705_01-06-2024_19-55-01.jpg,low
3705_01-06-2024_20-00-02.jpg,low
3705_01-06-2024_23-00-01.jpg,low
3705_01-06-2024_23-05-01.jpg,low
3705_01-06-2024_23-10-02.jpg,low
3705_01-06-2024_23-15-01.jpg,low
3705_01-06-2024_23-20-01.jpg,low
3705_01-06-2024_23-25-01.jpg,low
3705_01-06-2024_23-30-02.jpg,low
3705_01-06-2024_23-35-01.jpg,low
3705_01-06-2024_23-40-02.jpg,low
3705_01-06-2024_23-45-01.jpg,low
3705_01-06-2024_23-50-02.jpg,low
3705_01-06-2024_23-55-02.jpg,low
3793_01-06-2024_13-00-01.jpg,low
3793_01-06-2024_13-05-02.jpg,low
3793_01-06-2024_13-10-02.jpg,low
3793_01-06-2024_13-15-01.jpg,low
3793_01-06-2024_13-20-02.jpg,low
3793_01-06-2024_13-25-02.jpg,low
3793_01-06-2024_13-30-01.jpg,low
3793_01-06-2024_13-35-01.jpg,low
3793_01-06-2024_13-40-02.jpg,low
3793_01-06-2024_13-45-01.jpg,low
3793_01-06-2024_13-50-01.jpg,low
3793_01-06-2024_13-55-01.jpg,low
3793_01-06-2024_14-00-01.jpg,low
3793_01-06-2024_14-05-01.jpg,low
3793_01-06-2024_14-10-02.jpg,low
3793_01-06-2024_14-15-02.jpg,low
3793_01-06-2024_14-20-01.jpg,low
3793_01-06-2024_14-25-01.jpg,low
3793_01-06-2024_14-30-01.jpg,low
3793_01-06-2024_14-35-01.jpg,low
3793_01-06-2024_14-40-01.jpg,low
3793_01-06-2024_14-45-02.jpg,low
3793_01-06-2024_14-50-01.jpg,low
3793_01-06-2024_14-55-01.jpg,low
3793_01-06-2024_15-00-02.jpg,low
3793_01-06-2024_19-00-02.jpg,low
3793_01-06-2024_19-05-01.jpg,low
3793_01-06-2024_19-10-02.jpg,low
3793_01-06-2024_19-15-01.jpg,low
3793_01-06-2024_19-20-01.jpg,low
3793_01-06-2024_19-25-01.jpg,low
3793_01-06-2024_19-30-01.jpg,low
3793_01-06-2024_19-35-01.jpg,low
3793_01-06-2024_19-40-02.jpg,low
3793_01-06-2024_19-45-01.jpg,low
3793_01-06-2024_19-50-01.jpg,low
3793_01-06-2024_19-55-01.jpg,low
3793_01-06-2024_20-00-02.jpg,low
3793_01-06-2024_23-00-01.jpg,low
3793_01-06-2024_23-05-01.jpg,low
3793_01-06-2024_23-10-02.jpg,low
3793_01-06-2024_23-15-01.jpg,low
3793_01-06-2024_23-20-01.jpg,low
3793_01-06-2024_23-25-01.jpg,low
3793_01-06-2024_23-30-02.jpg,low
3793_01-06-2024_23-35-01.jpg,low
3793_01-06-2024_23-40-02.jpg,low
3793_01-06-2024_23-45-01.jpg,low
3793_01-06-2024_23-50-02.jpg,low
3793_01-06-2024_23-55-02.jpg,low
3795_01-06-2024_13-00-01.jpg,low
3795_01-06-2024_13-05-02.jpg,low
3795_01-06-2024_13-10-02.jpg,low
3795_01-06-2024_13-15-01.jpg,low
3795_01-06-2024_13-20-02.jpg,low
3795_01-06-2024_13-25-02.jpg,low
3795_01-06-2024_13-30-01.jpg,low
3795_01-06-2024_13-35-01.jpg,low
3795_01-06-2024_13-40-02.jpg,low
3795_01-06-2024_13-45-01.jpg,low
3795_01-06-2024_13-50-01.jpg,low
3795_01-06-2024_13-55-01.jpg,low
3795_01-06-2024_14-00-01.jpg,low
3795_01-06-2024_14-05-01.jpg,low
3795_01-06-2024_14-10-02.jpg,low
3795_01-06-2024_14-15-02.jpg,low
3795_01-06-2024_14-20-01.jpg,low
3795_01-06-2024_14-25-01.jpg,low
3795_01-06-2024_14-30-01.jpg,low
3795_01-06-2024_14-35-01.jpg,low
3795_01-06-2024_14-40-01.jpg,low
3795_01-06-2024_14-45-02.jpg,medium
3795_01-06-2024_14-50-01.jpg,low
3795_01-06-2024_14-55-01.jpg,low
3795_01-06-2024_15-00-02.jpg,low
3795_01-06-2024_19-00-02.jpg,medium
3795_01-06-2024_19-05-01.jpg,low
3795_01-06-2024_19-10-02.jpg,low
3795_01-06-2024_19-15-01.jpg,low
3795_01-06-2024_19-20-01.jpg,low
3795_01-06-2024_19-25-01.jpg,low
3795_01-06-2024_19-30-01.jpg,medium
3795_01-06-2024_19-35-01.jpg,low
3795_01-06-2024_19-40-02.jpg,medium
3795_01-06-2024_19-45-01.jpg,low
3795_01-06-2024_19-50-01.jpg,low
3795_01-06-2024_19-55-01.jpg,low
3795_01-06-2024_20-00-02.jpg,low
3795_01-06-2024_23-00-01.jpg,low
3795_01-06-2024_23-05-01.jpg,low
3795_01-06-2024_23-10-02.jpg,low
3795_01-06-2024_23-15-01.jpg,low
3795_01-06-2024_23-20-01.jpg,low
3795_01-06-2024_23-25-01.jpg,low
3795_01-06-2024_23-30-02.jpg,low
3795_01-06-2024_23-35-01.jpg,low
3795_01-06-2024_23-40-02.jpg,low
3795_01-06-2024_23-45-01.jpg,low
3795_01-06-2024_23-50-02.jpg,low
3795_01-06-2024_23-55-02.jpg,low
3796_01-06-2024_13-00-01.jpg,medium
3796_01-06-2024_13-05-02.jpg,low
3796_01-06-2024_13-10-02.jpg,medium
3796_01-06-2024_13-15-01.jpg,low
3796_01-06-2024_13-20-02.jpg,low
3796_01-06-2024_13-25-02.jpg,low
3796_01-06-2024_13-30-01.jpg,low
3796_01-06-2024_13-35-01.jpg,low
3796_01-06-2024_13-40-02.jpg,low
3796_01-06-2024_13-45-01.jpg,low
3796_01-06-2024_13-50-01.jpg,low
3796_01-06-2024_13-55-01.jpg,medium
3796_01-06-2024_14-00-01.jpg,medium
3796_01-06-2024_14-05-01.jpg,low
3796_01-06-2024_14-10-02.jpg,low
3796_01-06-2024_14-15-02.jpg,low
3796_01-06-2024_14-20-01.jpg,low
3796_01-06-2024_14-25-01.jpg,low
3796_01-06-2024_14-30-01.jpg,low
3796_01-06-2024_14-35-01.jpg,low
3796_01-06-2024_14-40-01.jpg,low
3796_01-06-2024_14-45-02.jpg,low
3796_01-06-2024_14-50-01.jpg,low
3796_01-06-2024_14-55-01.jpg,medium
3796_01-06-2024_15-00-02.jpg,low
3796_01-06-2024_19-00-02.jpg,low
3796_01-06-2024_19-05-01.jpg,low
3796_01-06-2024_19-10-02.jpg,medium
3796_01-06-2024_19-15-01.jpg,low
3796_01-06-2024_19-20-01.jpg,low
3796_01-06-2024_19-25-01.jpg,low
3796_01-06-2024_19-30-01.jpg,low
3796_01-06-2024_19-35-01.jpg,low
3796_01-06-2024_19-40-02.jpg,low
3796_01-06-2024_19-45-01.jpg,low
3796_01-06-2024_19-50-01.jpg,low
3796_01-06-2024_19-55-01.jpg,medium
3796_01-06-2024_20-00-02.jpg,low
3796_01-06-2024_23-00-01.jpg,low
3796_01-06-2024_23-05-01.jpg,low
3796_01-06-2024_23-10-02.jpg,low
3796_01-06-2024_23-15-01.jpg,low
3796_01-06-2024_23-20-01.jpg,low
3796_01-06-2024_23-25-01.jpg,low
3796_01-06-2024_23-30-02.jpg,low
3796_01-06-2024_23-35-01.jpg,low
3796_01-06-2024_23-40-02.jpg,low
3796_01-06-2024_23-45-01.jpg,low
3796_01-06-2024_23-50-02.jpg,low
3796_01-06-2024_23-55-02.jpg,low
3797_01-06-2024_13-00-01.jpg,low
3797_01-06-2024_13-05-02.jpg,medium
3797_01-06-2024_13-10-02.jpg,low
3797_01-06-2024_13-15-01.jpg,low
3797_01-06-2024_13-20-02.jpg,low
3797_01-06-2024_13-25-02.jpg,low
3797_01-06-2024_13-30-01.jpg,medium
3797_01-06-2024_13-35-01.jpg,low
3797_01-06-2024_13-40-02.jpg,low
3797_01-06-2024_13-45-01.jpg,low
3797_01-06-2024_13-50-01.jpg,low
3797_01-06-2024_13-55-01.jpg,low
3797_01-06-2024_14-00-01.jpg,low
3797_01-06-2024_14-05-01.jpg,low
3797_01-06-2024_14-10-02.jpg,low
3797_01-06-2024_14-15-02.jpg,low
3797_01-06-2024_14-20-01.jpg,low
3797_01-06-2024_14-25-01.jpg,low
3797_01-06-2024_14-30-01.jpg,medium
3797_01-06-2024_14-35-01.jpg,low
3797_01-06-2024_14-40-01.jpg,low
3797_01-06-2024_14-45-02.jpg,low
3797_01-06-2024_14-50-01.jpg,low
3797_01-06-2024_14-55-01.jpg,low
3797_01-06-2024_15-00-02.jpg,low
3797_01-06-2024_19-00-02.jpg,low
3797_01-06-2024_19-05-01.jpg,low
3797_01-06-2024_19-10-02.jpg,medium
3797_01-06-2024_19-15-01.jpg,low
3797_01-06-2024_19-20-01.jpg,low
3797_01-06-2024_19-25-01.jpg,medium
3797_01-06-2024_19-30-01.jpg,low
3797_01-06-2024_19-35-01.jpg,medium
3797_01-06-2024_19-40-02.jpg,low
3797_01-06-2024_19-45-01.jpg,low
3797_01-06-2024_19-50-01.jpg,low
3797_01-06-2024_19-55-01.jpg,low
3797_01-06-2024_20-00-02.jpg,medium
3797_01-06-2024_23-00-01.jpg,low
3797_01-06-2024_23-05-01.jpg,low
3797_01-06-2024_23-10-02.jpg,low
3797_01-06-2024_23-15-01.jpg,low
3797_01-06-2024_23-20-01.jpg,low
3797_01-06-2024_23-25-01.jpg,low
3797_01-06-2024_23-30-02.jpg,low
3797_01-06-2024_23-35-01.jpg,low
3797_01-06-2024_23-40-02.jpg,low
3797_01-06-2024_23-45-01.jpg,low
3797_01-06-2024_23-50-02.jpg,low
3797_01-06-2024_23-55-02.jpg,low
3798_01-06-2024_13-00-01.jpg,low
3798_01-06-2024_13-05-02.jpg,low
3798_01-06-2024_13-10-02.jpg,low
3798_01-06-2024_13-15-01.jpg,low
3798_01-06-2024_13-20-02.jpg,low
3798_01-06-2024_13-25-02.jpg,low
3798_01-06-2024_13-30-01.jpg,low
3798_01-06-2024_13-35-01.jpg,low
3798_01-06-2024_13-40-02.jpg,low
3798_01-06-2024_13-45-01.jpg,low
3798_01-06-2024_13-50-01.jpg,low
3798_01-06-2024_13-55-01.jpg,low
3798_01-06-2024_14-00-01.jpg,low
3798_01-06-2024_14-05-01.jpg,low
3798_01-06-2024_14-10-02.jpg,low
3798_01-06-2024_14-15-02.jpg,low
3798_01-06-2024_14-20-01.jpg,low
3798_01-06-2024_14-25-01.jpg,low
3798_01-06-2024_14-30-01.jpg,low
3798_01-06-2024_14-35-01.jpg,low
3798_01-06-2024_14-40-01.jpg,low
3798_01-06-2024_14-45-02.jpg,low
3798_01-06-2024_14-50-01.jpg,low
3798_01-06-2024_14-55-01.jpg,low
3798_01-06-2024_15-00-02.jpg,low
3798_01-06-2024_19-00-02.jpg,low
3798_01-06-2024_19-05-01.jpg,low
3798_01-06-2024_19-10-02.jpg,low
3798_01-06-2024_19-15-01.jpg,low
3798_01-06-2024_19-20-01.jpg,low
3798_01-06-2024_19-25-01.jpg,low
3798_01-06-2024_19-30-01.jpg,low
3798_01-06-2024_19-35-01.jpg,low
3798_01-06-2024_19-40-02.jpg,low
3798_01-06-2024_19-45-01.jpg,low
3798_01-06-2024_19-50-01.jpg,low
3798_01-06-2024_19-55-01.jpg,low
3798_01-06-2024_20-00-02.jpg,low
3798_01-06-2024_23-00-01.jpg,low
3798_01-06-2024_23-05-01.jpg,low
3798_01-06-2024_23-10-02.jpg,low
3798_01-06-2024_23-15-01.jpg,low
3798_01-06-2024_23-20-01.jpg,low
3798_01-06-2024_23-25-01.jpg,low
3798_01-06-2024_23-30-02.jpg,low
3798_01-06-2024_23-35-01.jpg,low
3798_01-06-2024_23-40-02.jpg,low
3798_01-06-2024_23-45-01.jpg,low
3798_01-06-2024_23-50-02.jpg,low
3798_01-06-2024_23-55-02.jpg,low
4701_01-06-2024_13-00-01.jpg,high
4701_01-06-2024_13-05-02.jpg,high
4701_01-06-2024_13-10-02.jpg,high
4701_01-06-2024_13-15-01.jpg,high
4701_01-06-2024_13-20-02.jpg,high
4701_01-06-2024_13-25-02.jpg,high
4701_01-06-2024_13-30-01.jpg,high
4701_01-06-2024_13-35-01.jpg,medium
4701_01-06-2024_13-40-02.jpg,high
4701_01-06-2024_13-45-01.jpg,low
4701_01-06-2024_13-50-01.jpg,low
4701_01-06-2024_13-55-01.jpg,low
4701_01-06-2024_14-00-01.jpg,medium
4701_01-06-2024_14-05-01.jpg,low
4701_01-06-2024_14-10-02.jpg,medium
4701_01-06-2024_14-15-02.jpg,low
4701_01-06-2024_14-20-01.jpg,low
4701_01-06-2024_14-25-01.jpg,medium
4701_01-06-2024_14-30-01.jpg,low
4701_01-06-2024_14-35-01.jpg,medium
4701_01-06-2024_14-40-01.jpg,medium
4701_01-06-2024_14-45-02.jpg,medium
4701_01-06-2024_14-50-01.jpg,low
4701_01-06-2024_14-55-01.jpg,medium
4701_01-06-2024_15-00-02.jpg,low
4701_01-06-2024_19-00-02.jpg,low
4701_01-06-2024_19-05-01.jpg,low
4701_01-06-2024_19-10-02.jpg,medium
4701_01-06-2024_19-15-01.jpg,low
4701_01-06-2024_19-20-01.jpg,medium
4701_01-06-2024_19-25-01.jpg,low
4701_01-06-2024_19-30-01.jpg,low
4701_01-06-2024_19-35-01.jpg,low
4701_01-06-2024_19-40-02.jpg,low
4701_01-06-2024_19-45-01.jpg,low
4701_01-06-2024_19-50-01.jpg,low
4701_01-06-2024_19-55-01.jpg,medium
4701_01-06-2024_20-00-02.jpg,medium
4701_01-06-2024_23-00-01.jpg,low
4701_01-06-2024_23-05-01.jpg,low
4701_01-06-2024_23-10-02.jpg,low
4701_01-06-2024_23-15-01.jpg,low
4701_01-06-2024_23-20-01.jpg,low
4701_01-06-2024_23-25-01.jpg,low
4701_01-06-2024_23-30-02.jpg,low
4701_01-06-2024_23-35-01.jpg,low
4701_01-06-2024_23-40-02.jpg,low
4701_01-06-2024_23-45-01.jpg,low
4701_01-06-2024_23-50-02.jpg,low
4701_01-06-2024_23-55-02.jpg,low
4702_01-06-2024_13-00-01.jpg,low
4702_01-06-2024_13-05-02.jpg,low
4702_01-06-2024_13-10-02.jpg,low
4702_01-06-2024_13-15-01.jpg,low
4702_01-06-2024_13-20-02.jpg,low
4702_01-06-2024_13-25-02.jpg,medium
4702_01-06-2024_13-30-01.jpg,low
4702_01-06-2024_13-35-01.jpg,low
4702_01-06-2024_13-40-02.jpg,low
4702_01-06-2024_13-45-01.jpg,low
4702_01-06-2024_13-50-01.jpg,medium
4702_01-06-2024_13-55-01.jpg,low
4702_01-06-2024_14-00-01.jpg,low
4702_01-06-2024_14-05-01.jpg,low
4702_01-06-2024_14-10-02.jpg,low
4702_01-06-2024_14-15-02.jpg,low
4702_01-06-2024_14-20-01.jpg,low
4702_01-06-2024_14-25-01.jpg,low
4702_01-06-2024_14-30-01.jpg,low
4702_01-06-2024_14-35-01.jpg,low
4702_01-06-2024_14-40-01.jpg,low
4702_01-06-2024_14-45-02.jpg,medium
4702_01-06-2024_14-50-01.jpg,low
4702_01-06-2024_14-55-01.jpg,low
4702_01-06-2024_15-00-02.jpg,medium
4702_01-06-2024_19-00-02.jpg,low
4702_01-06-2024_19-05-01.jpg,low
4702_01-06-2024_19-10-02.jpg,low
4702_01-06-2024_19-15-01.jpg,low
4702_01-06-2024_19-20-01.jpg,low
4702_01-06-2024_19-25-01.jpg,medium
4702_01-06-2024_19-30-01.jpg,medium
4702_01-06-2024_19-35-01.jpg,low
4702_01-06-2024_19-40-02.jpg,low
4702_01-06-2024_19-45-01.jpg,low
4702_01-06-2024_19-50-01.jpg,low
4702_01-06-2024_19-55-01.jpg,medium
4702_01-06-2024_20-00-02.jpg,low
4702_01-06-2024_23-00-01.jpg,low
4702_01-06-2024_23-05-01.jpg,low
4702_01-06-2024_23-10-02.jpg,low
4702_01-06-2024_23-15-01.jpg,low
4702_01-06-2024_23-20-01.jpg,low
4702_01-06-2024_23-25-01.jpg,low
4702_01-06-2024_23-30-02.jpg,low
4702_01-06-2024_23-35-01.jpg,low
4702_01-06-2024_23-40-02.jpg,low
4702_01-06-2024_23-45-01.jpg,low
4702_01-06-2024_23-50-02.jpg,low
4702_01-06-2024_23-55-02.jpg,low
4703_01-06-2024_13-00-01.jpg,medium
4703_01-06-2024_13-05-02.jpg,high
4703_01-06-2024_13-10-02.jpg,high
4703_01-06-2024_13-15-01.jpg,high
4703_01-06-2024_13-20-02.jpg,high
4703_01-06-2024_13-25-02.jpg,medium
4703_01-06-2024_13-30-01.jpg,high
4703_01-06-2024_13-35-01.jpg,medium
4703_01-06-2024_13-40-02.jpg,low
4703_01-06-2024_13-45-01.jpg,low
4703_01-06-2024_13-50-01.jpg,low
4703_01-06-2024_13-55-01.jpg,low
4703_01-06-2024_14-00-01.jpg,low
4703_01-06-2024_14-05-01.jpg,low
4703_01-06-2024_14-10-02.jpg,low
4703_01-06-2024_14-15-02.jpg,low
4703_01-06-2024_14-20-01.jpg,medium
4703_01-06-2024_14-25-01.jpg,medium
4703_01-06-2024_14-30-01.jpg,high
4703_01-06-2024_14-35-01.jpg,low
4703_01-06-2024_14-40-01.jpg,medium
4703_01-06-2024_14-45-02.jpg,high
4703_01-06-2024_14-50-01.jpg,medium
4703_01-06-2024_14-55-01.jpg,high
4703_01-06-2024_15-00-02.jpg,high
4703_01-06-2024_19-00-02.jpg,low
4703_01-06-2024_19-05-01.jpg,low
4703_01-06-2024_19-10-02.jpg,low
4703_01-06-2024_19-15-01.jpg,low
4703_01-06-2024_19-20-01.jpg,low
4703_01-06-2024_19-25-01.jpg,low
4703_01-06-2024_19-30-01.jpg,low
4703_01-06-2024_19-35-01.jpg,low
4703_01-06-2024_19-40-02.jpg,medium
4703_01-06-2024_19-45-01.jpg,low
4703_01-06-2024_19-50-01.jpg,medium
4703_01-06-2024_19-55-01.jpg,medium
4703_01-06-2024_20-00-02.jpg,medium
4703_01-06-2024_23-00-01.jpg,medium
4703_01-06-2024_23-05-01.jpg,high
4703_01-06-2024_23-10-02.jpg,medium
4703_01-06-2024_23-15-01.jpg,low
4703_01-06-2024_23-20-01.jpg,medium
4703_01-06-2024_23-25-01.jpg,low
4703_01-06-2024_23-30-02.jpg,medium
4703_01-06-2024_23-35-01.jpg,medium
4703_01-06-2024_23-40-02.jpg,high
4703_01-06-2024_23-45-01.jpg,high
4703_01-06-2024_23-50-02.jpg,high
4703_01-06-2024_23-55-02.jpg,high
4704_01-06-2024_13-00-01.jpg,low
4704_01-06-2024_13-05-02.jpg,low
4704_01-06-2024_13-10-02.jpg,low
4704_01-06-2024_13-15-01.jpg,low
4704_01-06-2024_13-20-02.jpg,low
4704_01-06-2024_13-25-02.jpg,low
4704_01-06-2024_13-30-01.jpg,low
4704_01-06-2024_13-35-01.jpg,low
4704_01-06-2024_13-40-02.jpg,low
4704_01-06-2024_13-45-01.jpg,low
4704_01-06-2024_13-50-01.jpg,low
4704_01-06-2024_13-55-01.jpg,low
4704_01-06-2024_14-00-01.jpg,low
4704_01-06-2024_14-05-01.jpg,low
4704_01-06-2024_14-10-02.jpg,low
4704_01-06-2024_14-15-02.jpg,low
4704_01-06-2024_14-20-01.jpg,low
4704_01-06-2024_14-25-01.jpg,low
4704_01-06-2024_14-30-01.jpg,low
4704_01-06-2024_14-35-01.jpg,low
4704_01-06-2024_14-40-01.jpg,low
4704_01-06-2024_14-45-02.jpg,low
4704_01-06-2024_14-50-01.jpg,low
4704_01-06-2024_14-55-01.jpg,low
4704_01-06-2024_15-00-02.jpg,low
4704_01-06-2024_19-00-02.jpg,low
4704_01-06-2024_19-05-01.jpg,low
4704_01-06-2024_19-10-02.jpg,low
4704_01-06-2024_19-15-01.jpg,low
4704_01-06-2024_19-20-01.jpg,low
4704_01-06-2024_19-25-01.jpg,low
4704_01-06-2024_19-30-01.jpg,low
4704_01-06-2024_19-35-01.jpg,low
4704_01-06-2024_19-40-02.jpg,low
4704_01-06-2024_19-45-01.jpg,low
4704_01-06-2024_19-50-01.jpg,low
4704_01-06-2024_19-55-01.jpg,low
4704_01-06-2024_20-00-02.jpg,low
4704_01-06-2024_23-00-01.jpg,low
4704_01-06-2024_23-05-01.jpg,low
4704_01-06-2024_23-10-02.jpg,low
4704_01-06-2024_23-15-01.jpg,low
4704_01-06-2024_23-20-01.jpg,low
4704_01-06-2024_23-25-01.jpg,low
4704_01-06-2024_23-30-02.jpg,low
4704_01-06-2024_23-35-01.jpg,low
4704_01-06-2024_23-40-02.jpg,low
4704_01-06-2024_23-45-01.jpg,low
4704_01-06-2024_23-50-02.jpg,low
4704_01-06-2024_23-55-02.jpg,low
4705_01-06-2024_13-00-01.jpg,low
4705_01-06-2024_13-05-02.jpg,low
4705_01-06-2024_13-10-02.jpg,low
4705_01-06-2024_13-15-01.jpg,low
4705_01-06-2024_13-20-02.jpg,low
4705_01-06-2024_13-25-02.jpg,low
4705_01-06-2024_13-30-01.jpg,low
4705_01-06-2024_13-35-01.jpg,low
4705_01-06-2024_13-40-02.jpg,low
4705_01-06-2024_13-45-01.jpg,low
4705_01-06-2024_13-50-01.jpg,low
4705_01-06-2024_13-55-01.jpg,low
4705_01-06-2024_14-00-01.jpg,low
4705_01-06-2024_14-05-01.jpg,low
4705_01-06-2024_14-10-02.jpg,low
4705_01-06-2024_14-15-02.jpg,low
4705_01-06-2024_14-20-01.jpg,low
4705_01-06-2024_14-25-01.jpg,medium
4705_01-06-2024_14-30-01.jpg,low
4705_01-06-2024_14-35-01.jpg,low
4705_01-06-2024_14-40-01.jpg,low
4705_01-06-2024_14-45-02.jpg,low
4705_01-06-2024_14-50-01.jpg,low
4705_01-06-2024_14-55-01.jpg,low
4705_01-06-2024_15-00-02.jpg,low
4705_01-06-2024_19-00-02.jpg,low
4705_01-06-2024_19-05-01.jpg,low
4705_01-06-2024_19-10-02.jpg,low
4705_01-06-2024_19-15-01.jpg,low
4705_01-06-2024_19-20-01.jpg,low
4705_01-06-2024_19-25-01.jpg,low
4705_01-06-2024_19-30-01.jpg,low
4705_01-06-2024_19-35-01.jpg,low
4705_01-06-2024_19-40-02.jpg,low
4705_01-06-2024_19-45-01.jpg,low
4705_01-06-2024_19-50-01.jpg,low
4705_01-06-2024_19-55-01.jpg,low
4705_01-06-2024_20-00-02.jpg,low
4705_01-06-2024_23-00-01.jpg,low
4705_01-06-2024_23-05-01.jpg,low
4705_01-06-2024_23-10-02.jpg,low
4705_01-06-2024_23-15-01.jpg,low
4705_01-06-2024_23-20-01.jpg,low
4705_01-06-2024_23-25-01.jpg,low
4705_01-06-2024_23-30-02.jpg,low
4705_01-06-2024_23-35-01.jpg,low
4705_01-06-2024_23-40-02.jpg,low
4705_01-06-2024_23-45-01.jpg,low
4705_01-06-2024_23-50-02.jpg,low
4705_01-06-2024_23-55-02.jpg,low
4706_01-06-2024_13-00-01.jpg,medium
4706_01-06-2024_13-05-02.jpg,medium
4706_01-06-2024_13-10-02.jpg,medium
4706_01-06-2024_13-15-01.jpg,low
4706_01-06-2024_13-20-02.jpg,low
4706_01-06-2024_13-25-02.jpg,low
4706_01-06-2024_13-30-01.jpg,medium
4706_01-06-2024_13-35-01.jpg,low
4706_01-06-2024_13-40-02.jpg,low
4706_01-06-2024_13-45-01.jpg,low
4706_01-06-2024_13-50-01.jpg,medium
4706_01-06-2024_13-55-01.jpg,low
4706_01-06-2024_14-00-01.jpg,low
4706_01-06-2024_14-05-01.jpg,low
4706_01-06-2024_14-10-02.jpg,medium
4706_01-06-2024_14-15-02.jpg,low
4706_01-06-2024_14-20-01.jpg,low
4706_01-06-2024_14-25-01.jpg,medium
4706_01-06-2024_14-30-01.jpg,low
4706_01-06-2024_14-35-01.jpg,low
4706_01-06-2024_14-40-01.jpg,low
4706_01-06-2024_14-45-02.jpg,low
4706_01-06-2024_14-50-01.jpg,medium
4706_01-06-2024_14-55-01.jpg,medium
4706_01-06-2024_15-00-02.jpg,low
4706_01-06-2024_19-00-02.jpg,medium
4706_01-06-2024_19-05-01.jpg,low
4706_01-06-2024_19-10-02.jpg,low
4706_01-06-2024_19-15-01.jpg,low
4706_01-06-2024_19-20-01.jpg,low
4706_01-06-2024_19-25-01.jpg,medium
4706_01-06-2024_19-30-01.jpg,low
4706_01-06-2024_19-35-01.jpg,low
4706_01-06-2024_19-40-02.jpg,low
4706_01-06-2024_19-45-01.jpg,low
4706_01-06-2024_19-50-01.jpg,low
4706_01-06-2024_19-55-01.jpg,low
4706_01-06-2024_20-00-02.jpg,low
4706_01-06-2024_23-00-01.jpg,low
4706_01-06-2024_23-05-01.jpg,low
4706_01-06-2024_23-10-02.jpg,low
4706_01-06-2024_23-15-01.jpg,low
4706_01-06-2024_23-20-01.jpg,low
4706_01-06-2024_23-25-01.jpg,low
4706_01-06-2024_23-30-02.jpg,low
4706_01-06-2024_23-35-01.jpg,low
4706_01-06-2024_23-40-02.jpg,medium
4706_01-06-2024_23-45-01.jpg,low
4706_01-06-2024_23-50-02.jpg,low
4706_01-06-2024_23-55-02.jpg,low
4707_01-06-2024_13-00-01.jpg,low
4707_01-06-2024_13-05-02.jpg,low
4707_01-06-2024_13-10-02.jpg,low
4707_01-06-2024_13-15-01.jpg,low
4707_01-06-2024_13-20-02.jpg,low
4707_01-06-2024_13-25-02.jpg,low
4707_01-06-2024_13-30-01.jpg,low
4707_01-06-2024_13-35-01.jpg,low
4707_01-06-2024_13-40-02.jpg,low
4707_01-06-2024_13-45-01.jpg,low
4707_01-06-2024_13-50-01.jpg,low
4707_01-06-2024_13-55-01.jpg,low
4707_01-06-2024_14-00-01.jpg,low
4707_01-06-2024_14-05-01.jpg,low
4707_01-06-2024_14-10-02.jpg,low
4707_01-06-2024_14-15-02.jpg,low
4707_01-06-2024_14-20-01.jpg,low
4707_01-06-2024_14-25-01.jpg,low
4707_01-06-2024_14-30-01.jpg,low
4707_01-06-2024_14-35-01.jpg,low
4707_01-06-2024_14-40-01.jpg,low
4707_01-06-2024_14-45-02.jpg,low
4707_01-06-2024_14-50-01.jpg,low
4707_01-06-2024_14-55-01.jpg,low
4707_01-06-2024_15-00-02.jpg,low
4707_01-06-2024_19-00-02.jpg,low
4707_01-06-2024_19-05-01.jpg,low
4707_01-06-2024_19-10-02.jpg,low
4707_01-06-2024_19-15-01.jpg,medium
4707_01-06-2024_19-20-01.jpg,low
4707_01-06-2024_19-25-01.jpg,low
4707_01-06-2024_19-30-01.jpg,low
4707_01-06-2024_19-35-01.jpg,low
4707_01-06-2024_19-40-02.jpg,low
4707_01-06-2024_19-45-01.jpg,low
4707_01-06-2024_19-50-01.jpg,low
4707_01-06-2024_19-55-01.jpg,low
4707_01-06-2024_20-00-02.jpg,low
4707_01-06-2024_23-00-01.jpg,low
4707_01-06-2024_23-05-01.jpg,low
4707_01-06-2024_23-10-02.jpg,low
4707_01-06-2024_23-15-01.jpg,low
4707_01-06-2024_23-20-01.jpg,low
4707_01-06-2024_23-25-01.jpg,low
4707_01-06-2024_23-30-02.jpg,low
4707_01-06-2024_23-35-01.jpg,low
4707_01-06-2024_23-40-02.jpg,low
4707_01-06-2024_23-45-01.jpg,low
4707_01-06-2024_23-50-02.jpg,low
4707_01-06-2024_23-55-02.jpg,low
4708_01-06-2024_13-00-01.jpg,high
4708_01-06-2024_13-05-02.jpg,high
4708_01-06-2024_13-10-02.jpg,medium
4708_01-06-2024_13-15-01.jpg,low
4708_01-06-2024_13-20-02.jpg,low
4708_01-06-2024_13-25-02.jpg,low
4708_01-06-2024_13-30-01.jpg,medium
4708_01-06-2024_13-35-01.jpg,low
4708_01-06-2024_13-40-02.jpg,low
4708_01-06-2024_13-45-01.jpg,low
4708_01-06-2024_13-50-01.jpg,low
4708_01-06-2024_13-55-01.jpg,low
4708_01-06-2024_14-00-01.jpg,low
4708_01-06-2024_14-05-01.jpg,low
4708_01-06-2024_14-10-02.jpg,low
4708_01-06-2024_14-15-02.jpg,medium
4708_01-06-2024_14-20-01.jpg,low
4708_01-06-2024_14-25-01.jpg,low
4708_01-06-2024_14-30-01.jpg,low
4708_01-06-2024_14-35-01.jpg,medium
4708_01-06-2024_14-40-01.jpg,low
4708_01-06-2024_14-45-02.jpg,low
4708_01-06-2024_14-50-01.jpg,medium
4708_01-06-2024_14-55-01.jpg,low
4708_01-06-2024_15-00-02.jpg,low
4708_01-06-2024_19-00-02.jpg,low
4708_01-06-2024_19-05-01.jpg,low
4708_01-06-2024_19-10-02.jpg,low
4708_01-06-2024_19-15-01.jpg,low
4708_01-06-2024_19-20-01.jpg,low
4708_01-06-2024_19-25-01.jpg,low
4708_01-06-2024_19-30-01.jpg,medium
4708_01-06-2024_19-35-01.jpg,low
4708_01-06-2024_19-40-02.jpg,medium
4708_01-06-2024_19-45-01.jpg,low
4708_01-06-2024_19-50-01.jpg,low
4708_01-06-2024_19-55-01.jpg,medium
4708_01-06-2024_20-00-02.jpg,low
4708_01-06-2024_23-00-01.jpg,low
4708_01-06-2024_23-05-01.jpg,low
4708_01-06-2024_23-10-02.jpg,low
4708_01-06-2024_23-15-01.jpg,low
4708_01-06-2024_23-20-01.jpg,low
4708_01-06-2024_23-25-01.jpg,low
4708_01-06-2024_23-30-02.jpg,low
4708_01-06-2024_23-35-01.jpg,low
4708_01-06-2024_23-40-02.jpg,low
4708_01-06-2024_23-45-01.jpg,low
4708_01-06-2024_23-50-02.jpg,low
4708_01-06-2024_23-55-02.jpg,low
4709_01-06-2024_13-00-01.jpg,low
4709_01-06-2024_13-05-02.jpg,low
4709_01-06-2024_13-10-02.jpg,low
4709_01-06-2024_13-15-01.jpg,low
4709_01-06-2024_13-20-02.jpg,low
4709_01-06-2024_13-25-02.jpg,medium
4709_01-06-2024_13-30-01.jpg,low
4709_01-06-2024_13-35-01.jpg,low
4709_01-06-2024_13-40-02.jpg,low
4709_01-06-2024_13-45-01.jpg,low
4709_01-06-2024_13-50-01.jpg,low
4709_01-06-2024_13-55-01.jpg,medium
4709_01-06-2024_14-00-01.jpg,low
4709_01-06-2024_14-05-01.jpg,low
4709_01-06-2024_14-10-02.jpg,low
4709_01-06-2024_14-15-02.jpg,low
4709_01-06-2024_14-20-01.jpg,low
4709_01-06-2024_14-25-01.jpg,low
4709_01-06-2024_14-30-01.jpg,low
4709_01-06-2024_14-35-01.jpg,low
4709_01-06-2024_14-40-01.jpg,low
4709_01-06-2024_14-45-02.jpg,low
4709_01-06-2024_14-50-01.jpg,low
4709_01-06-2024_14-55-01.jpg,low
4709_01-06-2024_15-00-02.jpg,medium
4709_01-06-2024_19-00-02.jpg,low
4709_01-06-2024_19-05-01.jpg,low
4709_01-06-2024_19-10-02.jpg,low
4709_01-06-2024_19-15-01.jpg,low
4709_01-06-2024_19-20-01.jpg,low
4709_01-06-2024_19-25-01.jpg,low
4709_01-06-2024_19-30-01.jpg,low
4709_01-06-2024_19-35-01.jpg,medium
4709_01-06-2024_19-40-02.jpg,low
4709_01-06-2024_19-45-01.jpg,low
4709_01-06-2024_19-50-01.jpg,low
4709_01-06-2024_19-55-01.jpg,medium
4709_01-06-2024_20-00-02.jpg,low
4709_01-06-2024_23-00-01.jpg,low
4709_01-06-2024_23-05-01.jpg,low
4709_01-06-2024_23-10-02.jpg,low
4709_01-06-2024_23-15-01.jpg,low
4709_01-06-2024_23-20-01.jpg,low
4709_01-06-2024_23-25-01.jpg,low
4709_01-06-2024_23-30-02.jpg,low
4709_01-06-2024_23-35-01.jpg,low
4709_01-06-2024_23-40-02.jpg,low
4709_01-06-2024_23-45-01.jpg,low
4709_01-06-2024_23-50-02.jpg,low
4709_01-06-2024_23-55-02.jpg,low
4710_01-06-2024_13-00-01.jpg,low
4710_01-06-2024_13-05-02.jpg,low
4710_01-06-2024_13-10-02.jpg,medium
4710_01-06-2024_13-15-01.jpg,low
4710_01-06-2024_13-20-02.jpg,medium
4710_01-06-2024_13-25-02.jpg,low
4710_01-06-2024_13-30-01.jpg,medium
4710_01-06-2024_13-35-01.jpg,low
4710_01-06-2024_13-40-02.jpg,low
4710_01-06-2024_13-45-01.jpg,medium
4710_01-06-2024_13-50-01.jpg,low
4710_01-06-2024_13-55-01.jpg,low
4710_01-06-2024_14-00-01.jpg,low
4710_01-06-2024_14-05-01.jpg,low
4710_01-06-2024_14-10-02.jpg,low
4710_01-06-2024_14-15-02.jpg,low
4710_01-06-2024_14-20-01.jpg,low
4710_01-06-2024_14-25-01.jpg,low
4710_01-06-2024_14-30-01.jpg,low
4710_01-06-2024_14-35-01.jpg,low
4710_01-06-2024_14-40-01.jpg,low
4710_01-06-2024_14-45-02.jpg,medium
4710_01-06-2024_14-50-01.jpg,low
4710_01-06-2024_14-55-01.jpg,medium
4710_01-06-2024_15-00-02.jpg,low
4710_01-06-2024_19-00-02.jpg,low
4710_01-06-2024_19-05-01.jpg,low
4710_01-06-2024_19-10-02.jpg,low
4710_01-06-2024_19-15-01.jpg,low
4710_01-06-2024_19-20-01.jpg,low
4710_01-06-2024_19-25-01.jpg,low
4710_01-06-2024_19-30-01.jpg,low
4710_01-06-2024_19-35-01.jpg,low
4710_01-06-2024_19-40-02.jpg,medium
4710_01-06-2024_19-45-01.jpg,low
4710_01-06-2024_19-50-01.jpg,low
4710_01-06-2024_19-55-01.jpg,medium
4710_01-06-2024_20-00-02.jpg,low
4710_01-06-2024_23-00-01.jpg,low
4710_01-06-2024_23-05-01.jpg,low
4710_01-06-2024_23-10-02.jpg,low
4710_01-06-2024_23-15-01.jpg,low
4710_01-06-2024_23-20-01.jpg,low
4710_01-06-2024_23-25-01.jpg,low
4710_01-06-2024_23-30-02.jpg,low
4710_01-06-2024_23-35-01.jpg,low
4710_01-06-2024_23-40-02.jpg,low
4710_01-06-2024_23-45-01.jpg,low
4710_01-06-2024_23-50-02.jpg,low
4710_01-06-2024_23-55-02.jpg,low
4712_01-06-2024_13-00-01.jpg,low
4712_01-06-2024_13-05-02.jpg,low
4712_01-06-2024_13-10-02.jpg,low
4712_01-06-2024_13-15-01.jpg,low
4712_01-06-2024_13-20-02.jpg,low
4712_01-06-2024_13-25-02.jpg,low
4712_01-06-2024_13-30-01.jpg,low
4712_01-06-2024_13-35-01.jpg,low
4712_01-06-2024_13-40-02.jpg,low
4712_01-06-2024_13-45-01.jpg,low
4712_01-06-2024_13-50-01.jpg,low
4712_01-06-2024_13-55-01.jpg,low
4712_01-06-2024_14-00-01.jpg,low
4712_01-06-2024_14-05-01.jpg,low
4712_01-06-2024_14-10-02.jpg,low
4712_01-06-2024_14-15-02.jpg,low
4712_01-06-2024_14-20-01.jpg,low
4712_01-06-2024_14-25-01.jpg,low
4712_01-06-2024_14-30-01.jpg,low
4712_01-06-2024_14-35-01.jpg,low
4712_01-06-2024_14-40-01.jpg,low
4712_01-06-2024_14-45-02.jpg,low
4712_01-06-2024_14-50-01.jpg,low
4712_01-06-2024_14-55-01.jpg,low
4712_01-06-2024_15-00-02.jpg,low
4712_01-06-2024_19-00-02.jpg,low
4712_01-06-2024_19-05-01.jpg,low
4712_01-06-2024_19-10-02.jpg,low
4712_01-06-2024_19-15-01.jpg,low
4712_01-06-2024_19-20-01.jpg,low
4712_01-06-2024_19-25-01.jpg,low
4712_01-06-2024_19-30-01.jpg,low
4712_01-06-2024_19-35-01.jpg,low
4712_01-06-2024_19-40-02.jpg,low
4712_01-06-2024_19-45-01.jpg,low
4712_01-06-2024_19-50-01.jpg,low
4712_01-06-2024_19-55-01.jpg,low
4712_01-06-2024_20-00-02.jpg,low
4712_01-06-2024_23-00-01.jpg,low
4712_01-06-2024_23-05-01.jpg,low
4712_01-06-2024_23-10-02.jpg,low
4712_01-06-2024_23-15-01.jpg,low
4712_01-06-2024_23-20-01.jpg,low
4712_01-06-2024_23-25-01.jpg,low
4712_01-06-2024_23-30-02.jpg,low
4712_01-06-2024_23-35-01.jpg,low
4712_01-06-2024_23-40-02.jpg,low
4712_01-06-2024_23-45-01.jpg,low
4712_01-06-2024_23-50-02.jpg,low
4712_01-06-2024_23-55-02.jpg,low
4713_01-06-2024_13-00-01.jpg,medium
4713_01-06-2024_13-05-02.jpg,low
4713_01-06-2024_13-10-02.jpg,low
4713_01-06-2024_13-15-01.jpg,medium
4713_01-06-2024_13-20-02.jpg,medium
4713_01-06-2024_13-25-02.jpg,high
4713_01-06-2024_13-30-01.jpg,high
4713_01-06-2024_13-35-01.jpg,high
4713_01-06-2024_13-40-02.jpg,high
4713_01-06-2024_13-45-01.jpg,high
4713_01-06-2024_13-50-01.jpg,high
4713_01-06-2024_13-55-01.jpg,medium
4713_01-06-2024_14-00-01.jpg,low
4713_01-06-2024_14-05-01.jpg,low
4713_01-06-2024_14-10-02.jpg,low
4713_01-06-2024_14-15-02.jpg,low
4713_01-06-2024_14-20-01.jpg,low
4713_01-06-2024_14-25-01.jpg,low
4713_01-06-2024_14-30-01.jpg,low
4713_01-06-2024_14-35-01.jpg,low
4713_01-06-2024_14-40-01.jpg,low
4713_01-06-2024_14-45-02.jpg,medium
4713_01-06-2024_14-50-01.jpg,medium
4713_01-06-2024_14-55-01.jpg,low
4713_01-06-2024_15-00-02.jpg,low
4713_01-06-2024_19-00-02.jpg,low
4713_01-06-2024_19-05-01.jpg,low
4713_01-06-2024_19-10-02.jpg,low
4713_01-06-2024_19-15-01.jpg,low
4713_01-06-2024_19-20-01.jpg,low
4713_01-06-2024_19-25-01.jpg,low
4713_01-06-2024_19-30-01.jpg,low
4713_01-06-2024_19-35-01.jpg,low
4713_01-06-2024_19-40-02.jpg,low
4713_01-06-2024_19-45-01.jpg,low
4713_01-06-2024_19-50-01.jpg,low
4713_01-06-2024_19-55-01.jpg,low
4713_01-06-2024_20-00-02.jpg,low
4713_01-06-2024_23-00-01.jpg,medium
4713_01-06-2024_23-05-01.jpg,high
4713_01-06-2024_23-10-02.jpg,high
4713_01-06-2024_23-15-01.jpg,high
4713_01-06-2024_23-20-01.jpg,high
4713_01-06-2024_23-25-01.jpg,high
4713_01-06-2024_23-30-02.jpg,high
4713_01-06-2024_23-35-01.jpg,high
4713_01-06-2024_23-40-02.jpg,high
4713_01-06-2024_23-45-01.jpg,medium
4713_01-06-2024_23-50-02.jpg,low
4713_01-06-2024_23-55-02.jpg,low
4714_01-06-2024_13-00-01.jpg,medium
4714_01-06-2024_13-05-02.jpg,low
4714_01-06-2024_13-10-02.jpg,low
4714_01-06-2024_13-15-01.jpg,low
4714_01-06-2024_13-20-02.jpg,low
4714_01-06-2024_13-25-02.jpg,low
4714_01-06-2024_13-30-01.jpg,low
4714_01-06-2024_13-35-01.jpg,low
4714_01-06-2024_13-40-02.jpg,medium
4714_01-06-2024_13-45-01.jpg,low
4714_01-06-2024_13-50-01.jpg,low
4714_01-06-2024_13-55-01.jpg,medium
4714_01-06-2024_14-00-01.jpg,low
4714_01-06-2024_14-05-01.jpg,low
4714_01-06-2024_14-10-02.jpg,low
4714_01-06-2024_14-15-02.jpg,low
4714_01-06-2024_14-20-01.jpg,low
4714_01-06-2024_14-25-01.jpg,medium
4714_01-06-2024_14-30-01.jpg,low
4714_01-06-2024_14-35-01.jpg,low
4714_01-06-2024_14-40-01.jpg,low
4714_01-06-2024_14-45-02.jpg,medium
4714_01-06-2024_14-50-01.jpg,medium
4714_01-06-2024_14-55-01.jpg,low
4714_01-06-2024_15-00-02.jpg,low
4714_01-06-2024_19-00-02.jpg,medium
4714_01-06-2024_19-05-01.jpg,low
4714_01-06-2024_19-10-02.jpg,low
4714_01-06-2024_19-15-01.jpg,low
4714_01-06-2024_19-20-01.jpg,low
4714_01-06-2024_19-25-01.jpg,medium
4714_01-06-2024_19-30-01.jpg,low
4714_01-06-2024_19-35-01.jpg,low
4714_01-06-2024_19-40-02.jpg,low
4714_01-06-2024_19-45-01.jpg,medium
4714_01-06-2024_19-50-01.jpg,medium
4714_01-06-2024_19-55-01.jpg,low
4714_01-06-2024_20-00-02.jpg,medium
4714_01-06-2024_23-00-01.jpg,low
4714_01-06-2024_23-05-01.jpg,low
4714_01-06-2024_23-10-02.jpg,low
4714_01-06-2024_23-15-01.jpg,low
4714_01-06-2024_23-20-01.jpg,low
4714_01-06-2024_23-25-01.jpg,low
4714_01-06-2024_23-30-02.jpg,low
4714_01-06-2024_23-35-01.jpg,low
4714_01-06-2024_23-40-02.jpg,low
4714_01-06-2024_23-45-01.jpg,low
4714_01-06-2024_23-50-02.jpg,low
4714_01-06-2024_23-55-02.jpg,low
4716_01-06-2024_13-00-01.jpg,low
4716_01-06-2024_13-05-02.jpg,low
4716_01-06-2024_13-10-02.jpg,low
4716_01-06-2024_13-15-01.jpg,low
4716_01-06-2024_13-20-02.jpg,low
4716_01-06-2024_13-25-02.jpg,low
4716_01-06-2024_13-30-01.jpg,low
4716_01-06-2024_13-35-01.jpg,low
4716_01-06-2024_13-40-02.jpg,low
4716_01-06-2024_13-45-01.jpg,low
4716_01-06-2024_13-50-01.jpg,low
4716_01-06-2024_13-55-01.jpg,low
4716_01-06-2024_14-00-01.jpg,low
4716_01-06-2024_14-05-01.jpg,low
4716_01-06-2024_14-10-02.jpg,low
4716_01-06-2024_14-15-02.jpg,low
4716_01-06-2024_14-20-01.jpg,low
4716_01-06-2024_14-25-01.jpg,low
4716_01-06-2024_14-30-01.jpg,low
4716_01-06-2024_14-35-01.jpg,medium
4716_01-06-2024_14-40-01.jpg,low
4716_01-06-2024_14-45-02.jpg,low
4716_01-06-2024_14-50-01.jpg,low
4716_01-06-2024_14-55-01.jpg,low
4716_01-06-2024_15-00-02.jpg,low
4716_01-06-2024_19-00-02.jpg,low
4716_01-06-2024_19-05-01.jpg,low
4716_01-06-2024_19-10-02.jpg,low
4716_01-06-2024_19-15-01.jpg,low
4716_01-06-2024_19-20-01.jpg,low
4716_01-06-2024_19-25-01.jpg,low
4716_01-06-2024_19-30-01.jpg,low
4716_01-06-2024_19-35-01.jpg,low
4716_01-06-2024_19-40-02.jpg,low
4716_01-06-2024_19-45-01.jpg,low
4716_01-06-2024_19-50-01.jpg,low
4716_01-06-2024_19-55-01.jpg,low
4716_01-06-2024_20-00-02.jpg,low
4716_01-06-2024_23-00-01.jpg,low
4716_01-06-2024_23-05-01.jpg,low
4716_01-06-2024_23-10-02.jpg,low
4716_01-06-2024_23-15-01.jpg,low
4716_01-06-2024_23-20-01.jpg,low
4716_01-06-2024_23-25-01.jpg,low
4716_01-06-2024_23-30-02.jpg,low
4716_01-06-2024_23-35-01.jpg,low
4716_01-06-2024_23-40-02.jpg,low
4716_01-06-2024_23-45-01.jpg,low
4716_01-06-2024_23-50-02.jpg,low
4716_01-06-2024_23-55-02.jpg,low
4798_01-06-2024_13-00-01.jpg,medium
4798_01-06-2024_13-05-02.jpg,low
4798_01-06-2024_13-10-02.jpg,low
4798_01-06-2024_13-15-01.jpg,low
4798_01-06-2024_13-20-02.jpg,low
4798_01-06-2024_13-25-02.jpg,low
4798_01-06-2024_13-30-01.jpg,low
4798_01-06-2024_13-35-01.jpg,low
4798_01-06-2024_13-40-02.jpg,low
4798_01-06-2024_13-45-01.jpg,low
4798_01-06-2024_13-50-01.jpg,low
4798_01-06-2024_13-55-01.jpg,low
4798_01-06-2024_14-00-01.jpg,low
4798_01-06-2024_14-05-01.jpg,medium
4798_01-06-2024_14-10-02.jpg,medium
4798_01-06-2024_14-15-02.jpg,medium
4798_01-06-2024_14-20-01.jpg,low
4798_01-06-2024_14-25-01.jpg,low
4798_01-06-2024_14-30-01.jpg,medium
4798_01-06-2024_14-35-01.jpg,low
4798_01-06-2024_14-40-01.jpg,low
4798_01-06-2024_14-45-02.jpg,medium
4798_01-06-2024_14-50-01.jpg,medium
4798_01-06-2024_14-55-01.jpg,medium
4798_01-06-2024_15-00-02.jpg,medium
4798_01-06-2024_19-00-02.jpg,low
4798_01-06-2024_19-05-01.jpg,medium
4798_01-06-2024_19-10-02.jpg,low
4798_01-06-2024_19-15-01.jpg,low
4798_01-06-2024_19-20-01.jpg,low
4798_01-06-2024_19-25-01.jpg,low
4798_01-06-2024_19-30-01.jpg,low
4798_01-06-2024_19-35-01.jpg,low
4798_01-06-2024_19-40-02.jpg,low
4798_01-06-2024_19-45-01.jpg,medium
4798_01-06-2024_19-50-01.jpg,low
4798_01-06-2024_19-55-01.jpg,low
4798_01-06-2024_20-00-02.jpg,low
4798_01-06-2024_23-00-01.jpg,medium
4798_01-06-2024_23-05-01.jpg,low
4798_01-06-2024_23-10-02.jpg,medium
4798_01-06-2024_23-15-01.jpg,low
4798_01-06-2024_23-20-01.jpg,low
4798_01-06-2024_23-25-01.jpg,low
4798_01-06-2024_23-30-02.jpg,low
4798_01-06-2024_23-35-01.jpg,low
4798_01-06-2024_23-40-02.jpg,low
4798_01-06-2024_23-45-01.jpg,low
4798_01-06-2024_23-50-02.jpg,low
4798_01-06-2024_23-55-02.jpg,low
4799_01-06-2024_13-00-01.jpg,low
4799_01-06-2024_13-05-02.jpg,low
4799_01-06-2024_13-10-02.jpg,low
4799_01-06-2024_13-15-01.jpg,low
4799_01-06-2024_13-20-02.jpg,low
4799_01-06-2024_13-25-02.jpg,low
4799_01-06-2024_13-30-01.jpg,low
4799_01-06-2024_13-35-01.jpg,low
4799_01-06-2024_13-40-02.jpg,low
4799_01-06-2024_13-45-01.jpg,medium
4799_01-06-2024_13-50-01.jpg,low
4799_01-06-2024_13-55-01.jpg,low
4799_01-06-2024_14-00-01.jpg,low
4799_01-06-2024_14-05-01.jpg,low
4799_01-06-2024_14-10-02.jpg,low
4799_01-06-2024_14-15-02.jpg,medium
4799_01-06-2024_14-20-01.jpg,low
4799_01-06-2024_14-25-01.jpg,low
4799_01-06-2024_14-30-01.jpg,medium
4799_01-06-2024_14-35-01.jpg,low
4799_01-06-2024_14-40-01.jpg,low
4799_01-06-2024_14-45-02.jpg,low
4799_01-06-2024_14-50-01.jpg,low
4799_01-06-2024_14-55-01.jpg,low
4799_01-06-2024_15-00-02.jpg,medium
4799_01-06-2024_19-00-02.jpg,low
4799_01-06-2024_19-05-01.jpg,medium
4799_01-06-2024_19-10-02.jpg,medium
4799_01-06-2024_19-15-01.jpg,low
4799_01-06-2024_19-20-01.jpg,low
4799_01-06-2024_19-25-01.jpg,low
4799_01-06-2024_19-30-01.jpg,low
4799_01-06-2024_19-35-01.jpg,low
4799_01-06-2024_19-40-02.jpg,low
4799_01-06-2024_19-45-01.jpg,low
4799_01-06-2024_19-50-01.jpg,medium
4799_01-06-2024_19-55-01.jpg,low
4799_01-06-2024_20-00-02.jpg,low
4799_01-06-2024_23-00-01.jpg,low
4799_01-06-2024_23-05-01.jpg,low
4799_01-06-2024_23-10-02.jpg,low
4799_01-06-2024_23-15-01.jpg,low
4799_01-06-2024_23-20-01.jpg,low
4799_01-06-2024_23-25-01.jpg,low
4799_01-06-2024_23-30-02.jpg,low
4799_01-06-2024_23-35-01.jpg,low
4799_01-06-2024_23-40-02.jpg,low
4799_01-06-2024_23-45-01.jpg,low
4799_01-06-2024_23-50-02.jpg,low
4799_01-06-2024_23-55-02.jpg,low
5798_01-06-2024_13-00-01.jpg,low
5798_01-06-2024_13-05-02.jpg,medium
5798_01-06-2024_13-10-02.jpg,medium
5798_01-06-2024_13-15-01.jpg,medium
5798_01-06-2024_13-20-02.jpg,medium
5798_01-06-2024_13-25-02.jpg,medium
5798_01-06-2024_13-30-01.jpg,medium
5798_01-06-2024_13-35-01.jpg,medium
5798_01-06-2024_13-40-02.jpg,low
5798_01-06-2024_13-45-01.jpg,medium
5798_01-06-2024_13-50-01.jpg,medium
5798_01-06-2024_13-55-01.jpg,medium
5798_01-06-2024_14-00-01.jpg,medium
5798_01-06-2024_14-05-01.jpg,medium
5798_01-06-2024_14-10-02.jpg,medium
5798_01-06-2024_14-15-02.jpg,medium
5798_01-06-2024_14-20-01.jpg,medium
5798_01-06-2024_14-25-01.jpg,high
5798_01-06-2024_14-30-01.jpg,high
5798_01-06-2024_14-35-01.jpg,high
5798_01-06-2024_14-40-01.jpg,high
5798_01-06-2024_14-45-02.jpg,medium
5798_01-06-2024_14-50-01.jpg,medium
5798_01-06-2024_14-55-01.jpg,medium
5798_01-06-2024_15-00-02.jpg,medium
5798_01-06-2024_19-00-02.jpg,high
5798_01-06-2024_19-05-01.jpg,medium
5798_01-06-2024_19-10-02.jpg,low
5798_01-06-2024_19-15-01.jpg,low
5798_01-06-2024_19-20-01.jpg,medium
5798_01-06-2024_19-25-01.jpg,medium
5798_01-06-2024_19-30-01.jpg,low
5798_01-06-2024_19-35-01.jpg,low
5798_01-06-2024_19-40-02.jpg,medium
5798_01-06-2024_19-45-01.jpg,low
5798_01-06-2024_19-50-01.jpg,low
5798_01-06-2024_19-55-01.jpg,medium
5798_01-06-2024_20-00-02.jpg,medium
5798_01-06-2024_23-00-01.jpg,low
5798_01-06-2024_23-05-01.jpg,low
5798_01-06-2024_23-10-02.jpg,low
5798_01-06-2024_23-15-01.jpg,low
5798_01-06-2024_23-20-01.jpg,low
5798_01-06-2024_23-25-01.jpg,low
5798_01-06-2024_23-30-02.jpg,low
5798_01-06-2024_23-35-01.jpg,low
5798_01-06-2024_23-40-02.jpg,low
5798_01-06-2024_23-45-01.jpg,low
5798_01-06-2024_23-50-02.jpg,low
5798_01-06-2024_23-55-02.jpg,low
6716_01-06-2024_13-00-01.jpg,low
6716_01-06-2024_13-05-02.jpg,low
6716_01-06-2024_13-10-02.jpg,medium
6716_01-06-2024_13-15-01.jpg,low
6716_01-06-2024_13-20-02.jpg,medium
6716_01-06-2024_13-25-02.jpg,medium
6716_01-06-2024_13-30-01.jpg,low
6716_01-06-2024_13-35-01.jpg,low
6716_01-06-2024_13-40-02.jpg,low
6716_01-06-2024_13-45-01.jpg,low
6716_01-06-2024_13-50-01.jpg,low
6716_01-06-2024_13-55-01.jpg,medium
6716_01-06-2024_14-00-01.jpg,low
6716_01-06-2024_14-05-01.jpg,medium
6716_01-06-2024_14-10-02.jpg,low
6716_01-06-2024_14-15-02.jpg,low
6716_01-06-2024_14-20-01.jpg,medium
6716_01-06-2024_14-25-01.jpg,low
6716_01-06-2024_14-30-01.jpg,low
6716_01-06-2024_14-35-01.jpg,low
6716_01-06-2024_14-40-01.jpg,low
6716_01-06-2024_14-45-02.jpg,low
6716_01-06-2024_14-50-01.jpg,low
6716_01-06-2024_14-55-01.jpg,medium
6716_01-06-2024_15-00-02.jpg,low
6716_01-06-2024_19-00-02.jpg,low
6716_01-06-2024_19-05-01.jpg,low
6716_01-06-2024_19-10-02.jpg,low
6716_01-06-2024_19-15-01.jpg,low
6716_01-06-2024_19-20-01.jpg,low
6716_01-06-2024_19-25-01.jpg,low
6716_01-06-2024_19-30-01.jpg,medium
6716_01-06-2024_19-35-01.jpg,low
6716_01-06-2024_19-40-02.jpg,low
6716_01-06-2024_19-45-01.jpg,low
6716_01-06-2024_19-50-01.jpg,low
6716_01-06-2024_19-55-01.jpg,low
6716_01-06-2024_20-00-02.jpg,low
6716_01-06-2024_23-00-01.jpg,low
6716_01-06-2024_23-05-01.jpg,low
6716_01-06-2024_23-10-02.jpg,low
6716_01-06-2024_23-15-01.jpg,low
6716_01-06-2024_23-20-01.jpg,low
6716_01-06-2024_23-25-01.jpg,low
6716_01-06-2024_23-30-02.jpg,low
6716_01-06-2024_23-35-01.jpg,low
6716_01-06-2024_23-40-02.jpg,low
6716_01-06-2024_23-45-01.jpg,low
6716_01-06-2024_23-50-02.jpg,low
6716_01-06-2024_23-55-02.jpg,low
7791_01-06-2024_13-00-01.jpg,low
7791_01-06-2024_13-05-02.jpg,low
7791_01-06-2024_13-10-02.jpg,low
7791_01-06-2024_13-15-01.jpg,low
7791_01-06-2024_13-20-02.jpg,low
7791_01-06-2024_13-25-02.jpg,low
7791_01-06-2024_13-30-01.jpg,low
7791_01-06-2024_13-35-01.jpg,low
7791_01-06-2024_13-40-02.jpg,low
7791_01-06-2024_13-45-01.jpg,low
7791_01-06-2024_13-50-01.jpg,low
7791_01-06-2024_13-55-01.jpg,low
7791_01-06-2024_14-00-01.jpg,low
7791_01-06-2024_14-05-01.jpg,medium
7791_01-06-2024_14-10-02.jpg,low
7791_01-06-2024_14-15-02.jpg,low
7791_01-06-2024_14-20-01.jpg,low
7791_01-06-2024_14-25-01.jpg,low
7791_01-06-2024_14-30-01.jpg,low
7791_01-06-2024_14-35-01.jpg,low
7791_01-06-2024_14-40-01.jpg,low
7791_01-06-2024_14-45-02.jpg,low
7791_01-06-2024_14-50-01.jpg,low
7791_01-06-2024_14-55-01.jpg,low
7791_01-06-2024_15-00-02.jpg,low
7791_01-06-2024_19-00-02.jpg,low
7791_01-06-2024_19-05-01.jpg,low
7791_01-06-2024_19-10-02.jpg,low
7791_01-06-2024_19-15-01.jpg,low
7791_01-06-2024_19-20-01.jpg,low
7791_01-06-2024_19-25-01.jpg,low
7791_01-06-2024_19-30-01.jpg,low
7791_01-06-2024_19-35-01.jpg,low
7791_01-06-2024_19-40-02.jpg,low
7791_01-06-2024_19-45-01.jpg,low
7791_01-06-2024_19-50-01.jpg,low
7791_01-06-2024_19-55-01.jpg,low
7791_01-06-2024_20-00-02.jpg,low
7791_01-06-2024_23-00-01.jpg,low
7791_01-06-2024_23-05-01.jpg,low
7791_01-06-2024_23-10-02.jpg,low
7791_01-06-2024_23-15-01.jpg,low
7791_01-06-2024_23-20-01.jpg,low
7791_01-06-2024_23-25-01.jpg,low
7791_01-06-2024_23-30-02.jpg,low
7791_01-06-2024_23-35-01.jpg,low
7791_01-06-2024_23-40-02.jpg,low
7791_01-06-2024_23-45-01.jpg,low
7791_01-06-2024_23-50-02.jpg,low
7791_01-06-2024_23-55-02.jpg,low
7793_01-06-2024_13-00-01.jpg,low
7793_01-06-2024_13-05-02.jpg,medium
7793_01-06-2024_13-10-02.jpg,low
7793_01-06-2024_13-15-01.jpg,medium
7793_01-06-2024_13-20-02.jpg,low
7793_01-06-2024_13-25-02.jpg,low
7793_01-06-2024_13-30-01.jpg,low
7793_01-06-2024_13-35-01.jpg,medium
7793_01-06-2024_13-40-02.jpg,low
7793_01-06-2024_13-45-01.jpg,medium
7793_01-06-2024_13-50-01.jpg,low
7793_01-06-2024_13-55-01.jpg,low
7793_01-06-2024_14-00-01.jpg,low
7793_01-06-2024_14-05-01.jpg,medium
7793_01-06-2024_14-10-02.jpg,medium
7793_01-06-2024_14-15-02.jpg,low
7793_01-06-2024_14-20-01.jpg,low
7793_01-06-2024_14-25-01.jpg,low
7793_01-06-2024_14-30-01.jpg,low
7793_01-06-2024_14-35-01.jpg,low
7793_01-06-2024_14-40-01.jpg,low
7793_01-06-2024_14-45-02.jpg,low
7793_01-06-2024_14-50-01.jpg,low
7793_01-06-2024_14-55-01.jpg,low
7793_01-06-2024_15-00-02.jpg,medium
7793_01-06-2024_19-00-02.jpg,medium
7793_01-06-2024_19-05-01.jpg,low
7793_01-06-2024_19-10-02.jpg,low
7793_01-06-2024_19-15-01.jpg,low
7793_01-06-2024_19-20-01.jpg,medium
7793_01-06-2024_19-25-01.jpg,low
7793_01-06-2024_19-30-01.jpg,medium
7793_01-06-2024_19-35-01.jpg,low
7793_01-06-2024_19-40-02.jpg,low
7793_01-06-2024_19-45-01.jpg,low
7793_01-06-2024_19-50-01.jpg,low
7793_01-06-2024_19-55-01.jpg,low
7793_01-06-2024_20-00-02.jpg,low
7793_01-06-2024_23-00-01.jpg,low
7793_01-06-2024_23-05-01.jpg,low
7793_01-06-2024_23-10-02.jpg,low
7793_01-06-2024_23-15-01.jpg,low
7793_01-06-2024_23-20-01.jpg,low
7793_01-06-2024_23-25-01.jpg,low
7793_01-06-2024_23-30-02.jpg,low
7793_01-06-2024_23-35-01.jpg,low
7793_01-06-2024_23-40-02.jpg,low
7793_01-06-2024_23-45-01.jpg,low
7793_01-06-2024_23-50-02.jpg,low
7793_01-06-2024_23-55-02.jpg,low
7794_01-06-2024_13-00-01.jpg,low
7794_01-06-2024_13-05-02.jpg,medium
7794_01-06-2024_13-10-02.jpg,low
7794_01-06-2024_13-15-01.jpg,low
7794_01-06-2024_13-20-02.jpg,low
7794_01-06-2024_13-25-02.jpg,low
7794_01-06-2024_13-30-01.jpg,low
7794_01-06-2024_13-35-01.jpg,low
7794_01-06-2024_13-40-02.jpg,low
7794_01-06-2024_13-45-01.jpg,low
7794_01-06-2024_13-50-01.jpg,low
7794_01-06-2024_13-55-01.jpg,medium
7794_01-06-2024_14-00-01.jpg,low
7794_01-06-2024_14-05-01.jpg,low
7794_01-06-2024_14-10-02.jpg,low
7794_01-06-2024_14-15-02.jpg,low
7794_01-06-2024_14-20-01.jpg,low
7794_01-06-2024_14-25-01.jpg,low
7794_01-06-2024_14-30-01.jpg,low
7794_01-06-2024_14-35-01.jpg,low
7794_01-06-2024_14-40-01.jpg,low
7794_01-06-2024_14-45-02.jpg,low
7794_01-06-2024_14-50-01.jpg,low
7794_01-06-2024_14-55-01.jpg,low
7794_01-06-2024_15-00-02.jpg,low
7794_01-06-2024_19-00-02.jpg,low
7794_01-06-2024_19-05-01.jpg,low
7794_01-06-2024_19-10-02.jpg,low
7794_01-06-2024_19-15-01.jpg,medium
7794_01-06-2024_19-20-01.jpg,low
7794_01-06-2024_19-25-01.jpg,low
7794_01-06-2024_19-30-01.jpg,low
7794_01-06-2024_19-35-01.jpg,low
7794_01-06-2024_19-40-02.jpg,low
7794_01-06-2024_19-45-01.jpg,low
7794_01-06-2024_19-50-01.jpg,low
7794_01-06-2024_19-55-01.jpg,medium
7794_01-06-2024_20-00-02.jpg,low
7794_01-06-2024_23-00-01.jpg,low
7794_01-06-2024_23-05-01.jpg,low
7794_01-06-2024_23-10-02.jpg,low
7794_01-06-2024_23-15-01.jpg,low
7794_01-06-2024_23-20-01.jpg,low
7794_01-06-2024_23-25-01.jpg,low
7794_01-06-2024_23-30-02.jpg,low
7794_01-06-2024_23-35-01.jpg,low
7794_01-06-2024_23-40-02.jpg,low
7794_01-06-2024_23-45-01.jpg,low
7794_01-06-2024_23-50-02.jpg,low
7794_01-06-2024_23-55-02.jpg,low
7795_01-06-2024_13-00-01.jpg,low
7795_01-06-2024_13-05-02.jpg,medium
7795_01-06-2024_13-10-02.jpg,low
7795_01-06-2024_13-15-01.jpg,low
7795_01-06-2024_13-20-02.jpg,low
7795_01-06-2024_13-25-02.jpg,low
7795_01-06-2024_13-30-01.jpg,medium
7795_01-06-2024_13-35-01.jpg,medium
7795_01-06-2024_13-40-02.jpg,medium
7795_01-06-2024_13-45-01.jpg,low
7795_01-06-2024_13-50-01.jpg,low
7795_01-06-2024_13-55-01.jpg,medium
7795_01-06-2024_14-00-01.jpg,medium
7795_01-06-2024_14-05-01.jpg,low
7795_01-06-2024_14-10-02.jpg,low
7795_01-06-2024_14-15-02.jpg,low
7795_01-06-2024_14-20-01.jpg,low
7795_01-06-2024_14-25-01.jpg,low
7795_01-06-2024_14-30-01.jpg,low
7795_01-06-2024_14-35-01.jpg,low
7795_01-06-2024_14-40-01.jpg,low
7795_01-06-2024_14-45-02.jpg,low
7795_01-06-2024_14-50-01.jpg,low
7795_01-06-2024_14-55-01.jpg,low
7795_01-06-2024_15-00-02.jpg,low
7795_01-06-2024_19-00-02.jpg,low
7795_01-06-2024_19-05-01.jpg,low
7795_01-06-2024_19-10-02.jpg,low
7795_01-06-2024_19-15-01.jpg,low
7795_01-06-2024_19-20-01.jpg,low
7795_01-06-2024_19-25-01.jpg,medium
7795_01-06-2024_19-30-01.jpg,medium
7795_01-06-2024_19-35-01.jpg,low
7795_01-06-2024_19-40-02.jpg,low
7795_01-06-2024_19-45-01.jpg,medium
7795_01-06-2024_19-50-01.jpg,low
7795_01-06-2024_19-55-01.jpg,low
7795_01-06-2024_20-00-02.jpg,low
7795_01-06-2024_23-00-01.jpg,low
7795_01-06-2024_23-05-01.jpg,low
7795_01-06-2024_23-10-02.jpg,low
7795_01-06-2024_23-15-01.jpg,low
7795_01-06-2024_23-20-01.jpg,low
7795_01-06-2024_23-25-01.jpg,low
7795_01-06-2024_23-30-02.jpg,low
7795_01-06-2024_23-35-01.jpg,low
7795_01-06-2024_23-40-02.jpg,low
7795_01-06-2024_23-45-01.jpg,low
7795_01-06-2024_23-50-02.jpg,low
7795_01-06-2024_23-55-02.jpg,low
7796_01-06-2024_13-00-01.jpg,low
7796_01-06-2024_13-05-02.jpg,medium
7796_01-06-2024_13-10-02.jpg,low
7796_01-06-2024_13-15-01.jpg,low
7796_01-06-2024_13-20-02.jpg,low
7796_01-06-2024_13-25-02.jpg,low
7796_01-06-2024_13-30-01.jpg,low
7796_01-06-2024_13-35-01.jpg,low
7796_01-06-2024_13-40-02.jpg,low
7796_01-06-2024_13-45-01.jpg,low
7796_01-06-2024_13-50-01.jpg,low
7796_01-06-2024_13-55-01.jpg,low
7796_01-06-2024_14-00-01.jpg,low
7796_01-06-2024_14-05-01.jpg,medium
7796_01-06-2024_14-10-02.jpg,low
7796_01-06-2024_14-15-02.jpg,low
7796_01-06-2024_14-20-01.jpg,low
7796_01-06-2024_14-25-01.jpg,low
7796_01-06-2024_14-30-01.jpg,low
7796_01-06-2024_14-35-01.jpg,low
7796_01-06-2024_14-40-01.jpg,low
7796_01-06-2024_14-45-02.jpg,low
7796_01-06-2024_14-50-01.jpg,low
7796_01-06-2024_14-55-01.jpg,low
7796_01-06-2024_15-00-02.jpg,low
7796_01-06-2024_19-00-02.jpg,low
7796_01-06-2024_19-05-01.jpg,low
7796_01-06-2024_19-10-02.jpg,low
7796_01-06-2024_19-15-01.jpg,low
7796_01-06-2024_19-20-01.jpg,low
7796_01-06-2024_19-25-01.jpg,low
7796_01-06-2024_19-30-01.jpg,low
7796_01-06-2024_19-35-01.jpg,low
7796_01-06-2024_19-40-02.jpg,low
7796_01-06-2024_19-45-01.jpg,medium
7796_01-06-2024_19-50-01.jpg,low
7796_01-06-2024_19-55-01.jpg,low
7796_01-06-2024_20-00-02.jpg,low
7796_01-06-2024_23-00-01.jpg,low
7796_01-06-2024_23-05-01.jpg,low
7796_01-06-2024_23-10-02.jpg,low
7796_01-06-2024_23-15-01.jpg,low
7796_01-06-2024_23-20-01.jpg,low
7796_01-06-2024_23-25-01.jpg,low
7796_01-06-2024_23-30-02.jpg,low
7796_01-06-2024_23-35-01.jpg,low
7796_01-06-2024_23-40-02.jpg,low
7796_01-06-2024_23-45-01.jpg,low
7796_01-06-2024_23-50-02.jpg,low
7796_01-06-2024_23-55-02.jpg,low
